Beethoven_100.mid,49,48,54,53,43,39,48,49,40,38,51,56,40,39,47,54,46,41,57,59,42,41,66,67,43,44,70,71,46,42,70,72,48,48,71,68,54,62,68,65,55,54,53,62,68,69,69,72,74,71,56,54,58,57,55,57,73,75,75,78,75,73,76,73,47,48,56,54,44,41,46,50,44,40,54,55,41,41,48,51,46,43,57,57,43,42,64,65,44,45,69,71,47,44,72,71,46,45,67,67,54,63,68,63,52,51,51,67,65,67,69,70,72,73,56,53,59,58,56,56,71,76,75,78,77,71,75,75,45,48,57,56,45,42,47,51,45,43,57,55,42,42,49,49,45,44,56,55,43,43,62,63,44,47,68,69,48,46,73,70,46,44,62,67,57,61,68,64,49,48,49,69,65,64,70,69,70,73,57,52,60,60,56,55,67,76,74,77,78,70,74,76,44,48,59,59,46,43,49,51,46,45,58,56,44,43,50,49,45,45,54,53,44,44,60,60,44,49,66,67,49,49,71,67,46,44,57,66,60,58,67,65,47,46,47,68,67,63,69,69,69,74,58,51,60,62,57,55,65,76,74,76,78,70,73,76,43,48,62,61,47,43,50,51,46,46,59,57,45,44,51,49,46,45,52,52,45,45,56,57,45,50,64,64,51,51,68,65,46,44,53,65,62,59,66,67,46,45,45,66,68,65,68,69,68,73,61,50,59,64,58,54,64,74,73,75,77,70,71,76,42,49,63,62,48,45,52,51,46,49,58,57,47,45,50,50,47,46,50,51,46,46,52,54,49,51,60,60,55,53,63,62,45,44,51,65,62,62,65,68,45,43,43,64,68,65,68,69,68,72,64,47,59,66,61,54,65,72,72,74,76,71,69,75,41,52,64,62,51,47,52,50,47,51,56,56,50,45,48,49,49,48,48,48,48,48,49,51,52,55,56,56,55,57,61,58,43,42,49,67,63,63,65,70,42,40,40,61,69,66,68,70,68,71,69,45,59,66,63,55,68,69,71,73,74,71,69,73,41,53,64,62,54,49,51,50,48,51,55,55,52,46,45,48,50,50,47,44,46,49,51,50,51,55,55,54,56,57,60,56,39,38,45,69,64,64,66,72,40,36,36,56,71,66,68,70,68,70,72,42,58,68,63,57,71,68,70,73,72,70,70,71,42,54,63,62,56,50,51,51,48,51,55,54,53,46,43,46,50,51,48,42,43,48,52,52,51,52,53,54,57,57,61,53,36,36,42,70,65,65,66,73,39,34,34,46,73,67,68,71,69,70,74,40,57,69,64,59,72,68,70,73,71,70,71,70,44,54,63,63,58,50,51,51,48,50,54,54,53,46,42,45,50,52,50,41,40,45,54,54,53,51,49,56,58,57,62,47,35,35,41,69,66,65,67,73,37,32,34,34,75,68,68,71,69,70,74,40,57,69,65,61,72,68,70,73,71,70,71,70,45,53,63,63,59,51,51,51,47,48,54,53,53,45,41,44,50,53,52,40,38,42,56,56,55,52,45,56,59,57,63,40,33,34,42,69,66,65,67,72,34,31,33,31,74,69,68,71,70,71,73,40,59,70,65,64,71,68,70,73,72,71,71,70
Beethoven_1000.mid,53,44,52,51,42,36,50,54,37,35,44,52,40,37,49,57,38,39,54,61,37,41,63,66,44,41,68,71,45,47,74,72,47,51,74,64,47,66,69,61,61,61,54,59,70,71,72,74,75,71,59,62,62,52,53,61,72,74,77,79,76,74,75,73,52,44,50,50,43,38,49,54,40,36,45,49,41,38,47,55,42,40,54,60,39,43,61,65,45,43,67,70,47,50,72,69,47,52,73,64,48,64,68,64,63,63,57,60,69,71,73,74,75,70,64,68,66,54,52,60,72,75,77,80,78,74,73,72,52,44,49,50,43,39,48,53,42,37,46,50,42,40,47,54,44,41,53,60,41,44,59,64,47,45,66,69,48,52,71,67,48,53,71,64,49,63,68,65,65,65,61,62,69,71,73,75,75,71,70,72,71,56,51,59,73,76,78,81,80,73,70,72,52,43,48,50,44,39,48,53,44,38,46,50,43,41,47,54,46,42,52,60,43,45,58,64,49,46,65,68,49,52,70,65,48,55,71,64,50,62,69,67,67,66,64,64,69,71,73,75,75,72,73,74,75,59,50,57,72,77,78,82,81,73,67,71,52,43,48,49,44,40,48,53,46,40,46,51,44,42,47,54,48,44,50,60,48,46,55,64,55,47,63,66,51,53,68,62,49,57,69,65,52,60,69,69,68,68,67,68,69,71,73,75,75,73,75,76,78,64,51,56,71,78,79,82,82,72,64,71,52,44,48,49,44,41,47,51,48,41,46,51,48,42,45,52,52,46,47,59,59,46,47,62,64,52,57,64,59,54,62,60,52,60,67,66,55,56,69,70,70,70,69,71,71,71,73,76,75,74,75,77,79,69,51,55,70,79,80,83,83,72,60,71,51,46,48,47,44,42,47,50,49,42,45,51,50,44,44,50,52,49,50,57,60,52,48,59,62,59,63,61,57,58,59,56,56,63,66,67,58,53,69,71,72,72,71,73,74,71,73,76,76,74,76,77,79,74,52,55,70,79,81,82,82,72,55,70,51,47,49,46,43,43,47,50,50,44,45,51,50,48,46,47,52,53,53,55,58,54,53,58,59,60,63,62,59,57,56,57,61,63,66,68,61,50,69,72,73,75,73,73,75,73,73,75,76,75,76,77,79,78,53,54,71,78,81,81,82,73,51,66,51,49,49,44,43,43,48,51,51,44,44,51,52,50,49,46,50,54,54,55,57,55,54,58,60,60,63,63,61,56,54,59,63,64,67,70,64,47,69,73,74,77,75,74,77,75,72,75,76,75,76,77,79,80,55,53,71,79,80,81,81,75,50,61,51,50,49,43,42,43,48,51,51,44,43,51,52,51,52,47,47,54,55,54,58,56,55,58,60,61,63,64,61,54,54,61,64,65,69,72,66,45,68,73,75,79,77,75,77,77,73,74,76,76,77,78,80,82,57,52,72,79,80,81,81,77,51,57,52,50,48,42,42,42,48,51,52,45,42,51,53,51,54,50,45,53,56,54,58,58,55,59,61,61,64,65,61,52,54,62,65,67,70,73,69,45,65,74,76,80,78,76,78,77,73,74,76,76,77,78,80,83,60,52,72,79,80,81,81,79,53,54
Beethoven_250.mid,63,63,63,63,63,63,63,63,63,63,63,63,63,63,63,63,63,63,63,63,63,63,63,63,63,63,63,63,63,63,63,63,63,63,63,63,63,63,63,63,63,63,63,63,63,63,63,63,63,63,63,63,63,63,63,63,63,63,63,63,63,63,63,63,63,63,63,63,63,63,63,63,63,63,63,63,63,63,63,63,63,63,63,63,63,63,63,63,63,63,63,63,63,63,63,63,63,63,63,63,63,63,63,63,63,63,63,63,63,63,63,63,63,63,63,63,63,63,63,63,63,63,63,63,63,63,63,63,63,63,63,63,63,63,63,63,63,63,63,63,63,63,63,63,63,63,63,63,63,63,63,63,63,63,63,63,63,63,63,63,63,63,63,63,63,63,63,63,63,63,63,63,63,63,63,63,63,63,63,63,63,63,63,63,63,63,63,63,63,63,63,63,63,63,63,63,63,63,63,63,63,63,63,63,63,63,63,63,63,63,63,63,63,63,63,63,63,63,63,63,63,63,63,63,63,63,63,63,63,63,63,63,63,63,63,63,63,63,63,63,63,63,63,63,63,63,63,63,63,63,63,63,63,63,63,63,63,63,63,63,63,63,63,63,63,63,63,63,63,63,63,63,63,63,63,63,63,63,63,63,63,63,63,63,63,63,63,63,63,63,63,63,63,63,63,63,63,63,63,63,63,63,63,63,63,63,63,63,63,63,63,63,63,63,63,63,63,63,63,63,63,63,63,63,63,63,63,63,63,63,63,63,63,63,63,63,63,63,63,63,63,63,63,63,63,63,63,63,63,63,63,63,63,63,63,63,63,63,63,63,63,63,63,63,63,63,63,63,63,63,63,63,63,63,63,63,63,63,63,63,63,63,63,63,63,63,63,63,63,63,63,63,63,63,63,63,63,63,63,63,63,63,63,63,63,63,63,63,63,63,63,63,63,63,63,63,63,63,63,63,63,63,63,63,63,63,63,63,63,63,63,63,63,63,63,63,63,63,63,63,63,63,63,63,63,63,63,63,63,63,63,63,63,63,63,63,63,63,63,63,63,63,63,63,63,63,63,63,63,63,63,63,63,63,63,63,63,63,63,63,63,63,63,63,63,63,63,63,63,63,63,63,63,63,63,63,63,63,63,63,63,63,63,63,63,63,63,63,63,63,63,63,63,63,63,63,63,63,63,63,63,63,63,63,63,63,63,63,63,63,63,63,63,63,63,63,63,63,63,63,63,63,63,63,63,63,63,63,63,63,63,63,63,63,63,63,63,63,63,63,63,63,63,63,63,63,63,63,63,63,63,63,63,63,63,63,63,63,63,63,63,63,63,63,63,63,63,63,63,63,63,63,63,63,63,63,63,63,63,63,63,63,63,63,63,63,63,63,63,63,63,63,63,63,63,63,63,63,63,63,63,63,63,63,63,63,63,63,63,63,63,63,63,63,63,63,63,63,63,63,63,63,63,63,63,63,63,63,63,63,63,63,63,63,63,63,63,63,63,63,63,63,63,63,63,63,63,63,63,63,63,63,63,63,63,63,63,63,63,63,63,63,63,63,63,63,63,63,63,63,63,63,63,63,63,63,63,63,63,63,63,63,63,63
Beethoven_50.mid,41,47,58,52,34,34,50,55,36,36,47,48,37,35,55,61,42,39,62,64,40,41,67,69,47,43,60,61,50,60,71,63,50,53,66,64,56,58,62,59,53,51,57,63,63,66,74,76,72,63,60,57,51,50,55,61,69,75,78,74,73,78,74,72,41,45,56,51,34,33,47,56,40,35,43,45,39,35,55,62,43,39,61,63,40,41,67,70,50,42,55,59,54,61,71,61,48,52,64,61,55,56,57,53,49,49,56,62,62,66,73,76,71,59,58,58,49,47,53,63,71,74,77,76,74,77,74,69,40,43,53,51,35,33,44,56,44,34,39,42,39,36,54,62,44,40,59,62,41,42,66,71,55,42,48,57,59,64,69,58,47,51,60,60,56,53,51,48,46,48,54,60,63,67,73,76,69,56,56,57,48,44,50,63,74,74,75,77,75,77,74,67,39,40,50,50,36,33,40,55,48,35,37,38,38,38,53,61,46,41,54,58,43,44,67,73,61,42,42,50,63,70,69,53,47,49,55,61,58,50,47,45,44,46,52,58,65,71,75,76,67,53,53,54,47,43,48,61,77,76,75,76,76,76,71,67,39,38,47,49,37,34,37,52,52,36,37,36,36,39,53,59,47,43,49,52,43,48,69,76,68,43,44,44,58,76,73,50,47,45,50,62,60,48,46,45,45,46,48,55,68,75,78,77,64,50,51,51,47,44,46,58,78,79,76,77,77,75,68,66,39,37,44,47,38,35,36,46,52,40,38,36,35,41,55,56,48,46,48,46,42,52,70,78,74,45,47,43,51,79,78,52,48,44,45,60,63,48,47,47,47,48,47,50,68,79,81,80,61,49,49,48,46,44,45,54,75,81,79,78,78,75,66,65,39,36,41,44,39,37,36,40,49,45,39,37,36,41,54,52,48,47,46,46,48,57,70,79,77,49,50,46,50,79,79,55,49,45,44,53,61,51,49,49,50,50,49,49,64,82,84,82,57,48,48,48,47,44,44,50,71,82,81,80,80,75,66,63,40,36,40,42,40,38,36,37,44,48,41,38,36,41,51,50,48,48,47,48,51,58,71,80,79,53,51,48,51,77,77,57,51,47,46,50,55,52,51,51,52,51,50,50,62,82,84,81,56,48,48,48,47,45,44,47,66,83,82,82,82,75,65,62,40,36,38,41,41,38,36,36,41,48,43,39,38,41,48,49,49,48,48,48,50,60,73,81,82,55,51,49,53,77,75,58,52,48,47,50,53,51,51,52,53,52,51,50,60,81,84,81,56,48,48,47,47,45,43,46,62,83,83,83,83,77,65,59,40,36,38,40,40,38,37,36,40,46,44,40,39,41,46,49,49,49,48,47,49,61,74,81,84,58,51,49,53,77,74,57,52,49,48,51,52,51,51,52,54,52,51,49,57,81,83,81,57,48,48,47,47,45,43,45,59,82,83,84,84,78,65,56,41,37,38,38,40,38,37,37,40,45,44,41,40,42,46,48,49,49,48,47,49,61,74,82,86,62,51,50,53,76,74,55,53,49,49,52,52,50,50,52,55,52,51,49,54,79,83,80,57,48,48,47,48,46,44,45,56,80,84,85,86,80,65,53
Beethoven_500.mid,63,63,63,63,63,63,63,63,63,63,63,63,63,63,63,63,63,63,63,63,63,63,63,63,63,63,63,63,63,63,63,63,63,63,63,63,63,63,63,63,63,63,63,63,63,63,63,63,63,63,63,63,63,63,63,63,63,63,63,63,63,63,63,63,63,63,63,63,63,63,63,63,63,63,63,63,63,63,63,63,63,63,63,63,63,63,63,63,63,63,63,63,63,63,63,63,63,63,63,63,63,63,63,63,63,63,63,63,63,63,63,63,63,63,63,63,63,63,63,63,63,63,63,63,63,63,63,63,63,63,63,63,63,63,63,63,63,63,63,63,63,63,63,63,63,63,63,63,63,63,63,63,63,63,63,63,63,63,63,63,63,63,63,63,63,63,63,63,63,63,63,63,63,63,63,63,63,63,63,63,63,63,63,63,63,63,63,63,63,63,63,63,63,63,63,63,63,63,63,63,63,63,63,63,63,63,63,63,63,63,63,63,63,63,63,63,63,63,63,63,63,63,63,63,63,63,63,63,63,63,63,63,63,63,63,63,63,63,63,63,63,63,63,63,63,63,63,63,63,63,63,63,63,63,63,63,63,63,63,63,63,63,63,63,63,63,63,63,63,63,63,63,63,63,63,63,63,63,63,63,63,63,63,63,63,63,63,63,63,63,63,63,63,63,63,63,63,63,63,63,63,63,63,63,63,63,63,63,63,63,63,63,63,63,63,63,63,63,63,63,63,63,63,63,63,63,63,63,63,63,63,63,63,63,63,63,63,63,63,63,63,63,63,63,63,63,63,63,63,63,63,63,63,63,63,63,63,63,63,63,63,63,63,63,63,63,63,63,63,63,63,63,63,63,63,63,63,63,63,63,63,63,63,63,63,63,63,63,63,63,63,63,63,63,63,63,63,63,63,63,63,63,63,63,63,63,63,63,63,63,63,63,63,63,63,63,63,63,63,63,63,63,63,63,63,63,63,63,63,63,63,63,63,63,63,63,63,63,63,63,63,63,63,63,63,63,63,63,63,63,63,63,63,63,63,63,63,63,63,63,63,63,63,63,63,63,63,63,63,63,63,63,63,63,63,63,63,63,63,63,63,63,63,63,63,63,63,63,63,63,63,63,63,63,63,63,63,63,63,63,63,63,63,63,63,63,63,63,63,63,63,63,63,63,63,63,63,63,63,63,63,63,63,63,63,63,63,63,63,63,63,63,63,63,63,63,63,63,63,63,63,63,63,63,63,63,63,63,63,63,63,63,63,63,63,63,63,63,63,63,63,63,63,63,63,63,63,63,63,63,63,63,63,63,63,63,63,63,63,63,63,63,63,63,63,63,63,63,63,63,63,63,63,63,63,63,63,63,63,63,63,63,63,63,63,63,63,63,63,63,63,63,63,63,63,63,63,63,63,63,63,63,63,63,63,63,63,63,63,63,63,63,63,63,63,63,63,63,63,63,63,63,63,63,63,63,63,63,63,63,63,63,63,63,63,63,63,63,63,63,63,63,63,63,63,63,63,63,63,63,63,63,63,63,63,63,63,63,63,63,63,63,63,63,63,63,63,63,63,63,63,63,63,63,63,63,63,63,63,63,63,63,63,63
Clementi_100.mid,75,47,72,70,63,68,72,68,67,68,68,68,66,62,60,62,66,70,74,74,67,65,70,72,71,70,67,68,70,70,68,67,68,68,68,67,63,60,64,68,70,70,65,58,67,73,72,75,68,53,61,68,67,63,58,59,64,62,53,55,55,44,61,66,77,45,74,72,64,68,70,68,68,69,69,69,66,60,58,60,63,66,71,73,70,65,67,71,70,69,67,67,68,68,67,67,67,67,67,65,62,62,66,69,71,69,63,60,71,72,73,74,62,53,64,68,66,59,55,62,66,61,50,54,53,45,62,66,78,44,76,74,66,68,68,69,70,69,70,70,66,59,56,58,60,62,68,72,71,67,66,69,70,69,68,66,66,66,66,65,65,65,65,64,62,64,68,71,71,68,61,64,72,71,73,71,57,55,65,67,64,53,54,65,67,59,47,52,52,46,63,67,78,43,76,76,67,67,67,71,71,71,72,71,66,58,55,55,56,58,63,68,71,71,68,68,69,69,68,67,64,63,63,63,64,64,64,64,64,66,70,73,71,66,62,67,71,70,73,66,53,58,64,67,60,47,56,67,67,58,44,51,53,49,63,67,78,41,76,77,68,66,68,73,72,72,73,71,66,58,54,53,52,53,56,62,66,70,72,71,71,70,69,67,64,61,60,60,62,63,64,64,65,68,71,73,70,65,64,68,69,71,71,61,51,60,64,66,55,43,59,67,65,55,42,52,56,53,65,67,78,40,75,77,67,63,70,74,73,74,73,71,66,61,56,52,50,49,51,55,60,65,69,72,73,72,70,68,63,59,56,57,59,61,64,66,67,69,71,72,68,65,65,68,68,70,67,57,54,61,63,65,48,42,60,66,64,52,41,55,60,58,66,69,78,39,75,77,65,62,72,74,74,74,73,71,68,64,59,53,49,47,47,49,54,59,64,68,71,71,70,68,65,60,55,54,56,59,62,65,68,70,71,70,67,65,65,67,68,68,64,56,58,61,64,62,43,41,60,64,63,49,42,59,65,63,67,70,79,38,74,76,63,60,72,74,75,74,72,70,69,68,64,58,51,46,44,44,48,52,57,62,67,69,70,69,67,64,59,54,53,56,59,63,67,70,71,70,66,64,65,66,67,68,63,58,61,62,64,60,40,39,57,63,62,47,42,61,68,67,68,71,80,38,73,76,63,60,72,74,75,74,70,69,69,69,68,65,58,49,43,41,41,45,50,56,62,67,69,68,67,66,64,60,54,52,55,59,64,69,72,71,66,64,65,66,67,68,63,59,64,64,65,58,37,36,52,60,61,47,41,60,69,69,69,71,81,38,72,75,63,61,70,73,74,74,70,68,69,70,70,68,64,55,45,40,39,40,44,50,57,64,68,69,67,65,65,64,60,53,51,54,59,65,71,71,66,63,65,66,67,67,63,60,67,66,66,59,36,32,46,57,60,48,38,56,69,71,70,72,82,37,72,74,63,62,69,72,73,74,71,69,69,70,70,69,67,61,51,42,39,38,40,45,52,61,67,69,69,66,65,65,63,58,51,49,54,60,67,70,66,62,64,66,66,66,62,58,68,69,68,64,39,86,40,53,59,50,34,50,67,73,70,72
Clementi_1000.mid,66,66,66,66,66,66,66,66,66,66,66,66,66,66,66,66,66,66,66,66,66,66,66,66,66,66,66,66,66,66,66,66,66,66,66,66,66,66,66,66,66,66,66,66,66,66,66,66,66,66,66,66,66,66,66,66,66,66,66,66,66,66,66,66,66,66,66,66,66,66,66,66,66,66,66,66,66,66,66,66,66,66,66,66,66,66,66,66,66,66,66,66,66,66,66,66,66,66,66,66,66,66,66,66,66,66,66,66,66,66,66,66,66,66,66,66,66,66,66,66,66,66,66,66,66,66,66,66,66,66,66,66,66,66,66,66,66,66,66,66,66,66,66,66,66,66,66,66,66,66,66,66,66,66,66,66,66,66,66,66,66,66,66,66,66,66,66,66,66,66,66,66,66,66,66,66,66,66,66,66,66,66,66,66,66,66,66,66,66,66,66,66,66,66,66,66,66,66,66,66,66,66,66,66,66,66,66,66,66,66,66,66,66,66,66,66,66,66,66,66,66,66,66,66,66,66,66,66,66,66,66,66,66,66,66,66,66,66,66,66,66,66,66,66,66,66,66,66,66,66,66,66,66,66,66,66,66,66,66,66,66,66,66,66,66,66,66,66,66,66,66,66,66,66,66,66,66,66,66,66,66,66,66,66,66,66,66,66,66,66,66,66,66,66,66,66,66,66,66,66,66,66,66,66,66,66,66,66,66,66,66,66,66,66,66,66,66,66,66,66,66,66,66,66,66,66,66,66,66,66,66,66,66,66,66,66,66,66,66,66,66,66,66,66,66,66,66,66,66,66,66,66,66,66,66,66,66,66,66,66,66,66,66,66,66,66,66,66,66,66,66,66,66,66,66,66,66,66,66,66,66,66,66,66,66,66,66,66,66,66,66,66,66,66,66,66,66,66,66,66,66,66,66,66,66,66,66,66,66,66,66,66,66,66,66,66,66,66,66,66,66,66,66,66,66,66,66,66,66,66,66,66,66,66,66,66,66,66,66,66,66,66,66,66,66,66,66,66,66,66,66,66,66,66,66,66,66,66,66,66,66,66,66,66,66,66,66,66,66,66,66,66,66,66,66,66,66,66,66,66,66,66,66,66,66,66,66,66,66,66,66,66,66,66,66,66,66,66,66,66,66,66,66,66,66,66,66,66,66,66,66,66,66,66,66,66,66,66,66,66,66,66,66,66,66,66,66,66,66,66,66,66,66,66,66,66,66,66,66,66,66,66,66,66,66,66,66,66,66,66,66,66,66,66,66,66,66,66,66,66,66,66,66,66,66,66,66,66,66,66,66,66,66,66,66,66,66,66,66,66,66,66,66,66,66,66,66,66,66,66,66,66,66,66,66,66,66,66,66,66,66,66,66,66,66,66,66,66,66,66,66,66,66,66,66,66,66,66,66,66,66,66,66,66,66,66,66,66,66,66,66,66,66,66,66,66,66,66,66,66,66,66,66,66,66,66,66,66,66,66,66,66,66,66,66,66,66,66,66,66,66,66,66,66,66,66,66,66,66,66,66,66,66,66,66,66,66,66,66,66,66,66,66,66,66,66,66,66,66,66,66,66,66,66,66,66,66,66,66,66,66,66,66,66
Clementi_250.mid,65,65,65,65,65,65,65,65,65,65,65,65,65,65,65,65,65,65,65,65,65,65,65,65,65,65,65,65,65,65,65,65,65,65,65,65,65,65,65,65,65,65,65,65,65,65,65,65,65,65,65,65,65,65,65,65,65,65,65,65,65,65,65,65,65,65,65,65,65,65,65,65,65,65,65,65,65,65,65,65,65,65,65,65,65,65,65,65,65,65,65,65,65,65,65,65,65,65,65,65,65,65,65,65,65,65,65,65,65,65,65,65,65,65,65,65,65,65,65,65,65,65,65,65,65,65,65,65,65,65,65,65,65,65,65,65,65,65,65,65,65,65,65,65,65,65,65,65,65,65,65,65,65,65,65,65,65,65,65,65,65,65,65,65,65,65,65,65,65,65,65,65,65,65,65,65,65,65,65,65,65,65,65,65,65,65,65,65,65,65,65,65,65,65,65,65,65,65,65,65,65,65,65,65,65,65,65,65,65,65,65,65,65,65,65,65,65,65,65,65,65,65,65,65,65,65,65,65,65,65,65,65,65,65,65,65,65,65,65,65,65,65,65,65,65,65,65,65,65,65,65,65,65,65,65,65,65,65,65,65,65,65,65,65,65,65,65,65,65,65,65,65,65,65,65,65,65,65,65,65,65,65,65,65,65,65,65,65,65,65,65,65,65,65,65,65,65,65,65,65,65,65,65,65,65,65,65,65,65,65,65,65,65,65,65,65,65,65,65,65,65,65,65,65,65,65,65,65,65,65,65,65,65,65,65,65,65,65,65,65,65,65,65,65,65,65,65,65,65,65,65,65,65,65,65,65,65,65,65,65,65,65,65,65,65,65,65,65,65,65,65,65,65,65,65,65,65,65,65,65,65,65,65,65,65,65,65,65,65,65,65,65,65,65,65,65,65,65,65,65,65,65,65,65,65,65,65,65,65,65,65,65,65,65,65,65,65,65,65,65,65,65,65,65,65,65,65,65,65,65,65,65,65,65,65,65,65,65,65,65,65,65,65,65,65,65,65,65,65,65,65,65,65,65,65,65,65,65,65,65,65,65,65,65,65,65,65,65,65,65,65,65,65,65,65,65,65,65,65,65,65,65,65,65,65,65,65,65,65,65,65,65,65,65,65,65,65,65,65,65,65,65,65,65,65,65,65,65,65,65,65,65,65,65,65,65,65,65,65,65,65,65,65,65,65,65,65,65,65,65,65,65,65,65,65,65,65,65,65,65,65,65,65,65,65,65,65,65,65,65,65,65,65,65,65,65,65,65,65,65,65,65,65,65,65,65,65,65,65,65,65,65,65,65,65,65,65,65,65,65,65,65,65,65,65,65,65,65,65,65,65,65,65,65,65,65,65,65,65,65,65,65,65,65,65,65,65,65,65,65,65,65,65,65,65,65,65,65,65,65,65,65,65,65,65,65,65,65,65,65,65,65,65,65,65,65,65,65,65,65,65,65,65,65,65,65,65,65,65,65,65,65,65,65,65,65,65,65,65,65,65,65,65,65,65,65,65,65,65,65,65,65,65,65,65,65,65,65,65,65,65,65,65,65,65,65,65,65,65,65,65,65,65,65,65,65,65,65,65,65,65,65,65,65
Clementi_50.mid,62,63,65,66,69,72,72,71,68,67,68,69,68,66,64,65,68,71,72,73,72,72,73,74,73,72,71,71,71,71,71,69,68,67,66,66,66,67,67,68,68,69,69,68,68,68,68,68,67,67,66,66,65,64,61,58,56,57,58,58,52,49,61,69,64,62,65,68,72,73,72,71,69,68,68,67,65,63,64,66,70,72,74,74,74,74,74,74,73,72,72,72,71,71,70,69,68,66,66,65,66,67,68,68,69,69,69,68,68,68,68,68,68,68,68,67,67,65,62,59,57,56,56,55,53,53,62,69,66,62,65,71,73,73,72,71,70,69,67,65,62,61,63,67,72,75,76,76,76,76,76,75,74,73,72,72,72,71,69,68,66,65,64,64,65,67,69,70,70,70,69,69,69,69,68,68,68,68,68,68,68,66,63,60,57,55,54,53,53,57,64,70,66,62,67,73,74,73,73,73,71,69,66,63,59,59,62,69,74,77,78,78,78,78,77,76,75,74,74,73,72,70,67,65,62,61,61,63,66,69,71,72,72,71,71,70,70,69,68,68,68,69,69,69,68,66,63,60,57,54,52,52,55,61,68,71,67,63,68,73,74,74,74,74,72,70,66,62,58,57,61,69,75,79,80,80,80,80,79,78,77,77,76,75,72,68,64,60,58,58,60,64,68,72,74,74,74,73,73,72,70,69,68,69,69,69,69,69,68,66,63,59,56,54,52,52,57,65,71,74,67,65,70,73,74,74,75,75,73,70,67,62,58,57,62,69,75,78,80,81,81,80,79,78,78,78,77,75,72,67,61,56,55,56,60,66,71,74,75,76,75,75,75,74,72,70,70,70,70,71,70,69,68,65,62,59,56,54,53,53,60,69,75,77,68,67,71,73,74,75,76,75,73,71,67,63,59,59,63,70,75,78,80,81,80,79,78,79,79,80,79,76,71,64,56,52,53,56,63,70,74,76,77,77,77,78,78,76,74,72,72,72,72,72,72,71,68,65,61,58,56,55,54,55,63,72,77,79,69,69,72,74,75,76,77,76,74,71,68,64,60,61,66,71,75,78,79,79,78,78,78,80,81,81,79,75,68,59,51,49,52,58,67,74,77,78,77,78,79,80,80,79,77,75,75,75,75,75,74,72,69,65,60,56,55,56,56,59,67,76,79,80,71,72,75,75,75,77,78,77,75,72,69,65,63,65,69,73,76,77,77,77,76,77,79,81,82,81,78,72,64,54,47,48,53,61,71,77,78,77,77,79,81,82,82,82,81,80,79,80,79,78,77,74,70,63,58,55,55,57,60,65,73,78,80,81,71,74,77,77,76,77,78,77,75,74,72,70,69,71,73,75,76,76,75,75,76,78,80,81,80,79,75,69,61,51,47,48,54,62,71,76,76,75,76,79,81,82,82,82,82,82,83,83,82,82,80,77,71,62,56,54,56,61,68,75,80,80,80,81,71,75,79,79,77,76,77,78,78,77,77,78,78,77,78,78,78,77,76,75,75,75,75,76,76,76,75,70,62,53,47,48,51,58,65,70,72,72,74,76,78,80,80,80,81,82,82,82,83,83,82,79,73,63,56,55,58,66,76,83,84,83,82,83
Clementi_500.mid,63,58,71,72,57,69,70,68,74,59,59,73,65,65,76,73,54,58,78,74,60,65,79,80,67,57,73,79,67,59,73,71,73,69,51,69,72,74,71,55,68,74,75,70,48,72,73,74,70,47,72,69,68,68,58,62,61,55,60,59,51,52,58,65,64,58,71,72,56,67,70,70,74,58,59,72,66,66,75,71,54,57,73,73,59,68,78,78,70,58,68,77,68,63,74,74,73,70,55,66,70,71,70,60,67,74,75,69,52,73,74,75,70,49,72,69,69,69,59,61,60,56,62,59,52,54,59,62,64,59,71,72,55,65,71,71,73,56,59,71,67,66,74,71,56,55,70,71,59,68,78,77,72,59,65,75,70,66,75,75,74,71,59,63,68,70,70,64,68,74,75,69,56,74,75,75,71,51,73,70,69,70,59,59,60,56,62,59,53,55,59,60,64,59,71,73,54,63,71,72,72,56,59,71,67,66,73,71,57,54,67,70,59,68,77,77,73,60,63,74,72,68,75,76,73,72,63,61,66,69,71,67,68,74,75,69,60,74,75,75,71,53,74,70,69,71,59,58,61,57,62,59,53,57,59,58,64,60,72,73,52,61,71,72,72,55,59,70,68,66,72,71,58,52,64,68,58,67,77,77,74,61,61,73,73,70,75,77,73,72,65,60,63,68,72,69,68,74,75,70,63,75,76,75,71,54,75,71,69,72,59,56,61,57,63,60,52,57,59,56,64,60,72,73,51,58,71,73,71,55,58,70,68,66,72,72,60,51,62,67,57,66,76,77,75,63,61,72,74,72,76,77,73,72,67,60,60,68,73,71,69,73,75,71,66,75,77,76,71,56,77,72,70,73,60,56,61,57,63,60,52,58,58,54,64,60,72,74,50,55,72,74,71,55,56,69,69,67,72,73,61,50,59,65,56,64,76,77,75,65,61,71,74,73,76,77,73,71,69,60,56,67,74,73,70,72,76,72,68,75,78,77,71,58,78,73,71,74,61,55,62,57,63,60,52,58,58,53,65,61,72,74,49,52,72,74,70,56,55,69,69,67,72,73,63,49,55,63,55,61,75,77,76,66,62,71,74,74,76,77,73,71,70,61,53,66,74,75,72,71,76,74,70,76,79,78,72,61,79,74,72,75,62,55,62,57,62,60,52,58,58,51,65,61,72,75,50,48,72,74,70,57,53,68,70,68,72,74,65,49,52,61,54,58,74,77,75,68,65,71,73,74,76,77,73,71,70,61,51,65,75,76,74,71,76,75,72,77,79,78,73,63,80,75,73,76,65,56,61,57,62,61,52,58,57,50,65,61,72,75,51,44,72,75,70,59,51,69,71,69,72,74,67,50,48,58,53,55,72,76,74,68,67,72,74,74,76,77,73,70,70,61,50,64,75,77,76,70,76,77,74,77,80,79,75,65,80,76,74,77,67,57,60,58,61,62,53,58,57,49,65,61,72,76,54,41,72,75,71,61,50,69,71,69,72,74,68,51,45,54,52,53,70,76,73,69,71,74,74,74,76,76,73,70,70,62,50,64,75,77,78,70,75,78,76,78,81,80,77,68,80,77,75,77,70,59,59,58,60,62,55,58,57,49
Haydn_100.mid,56,55,61,68,67,64,65,70,68,52,51,55,66,68,58,52,53,64,70,70,67,65,68,65,61,67,72,70,67,69,71,70,69,67,65,63,62,62,62,62,62,61,60,60,65,69,71,71,62,51,50,49,61,75,79,73,47,48,76,77,78,76,64,78,54,54,63,69,68,64,65,69,71,55,52,53,62,67,61,53,53,63,70,70,68,67,68,65,60,65,71,70,67,68,70,70,69,68,65,62,62,63,64,63,62,60,59,61,66,70,72,71,64,51,50,47,58,75,78,74,49,47,75,76,78,76,65,78,52,54,65,70,68,65,66,69,73,61,52,51,58,67,64,54,52,62,70,71,69,67,68,66,60,63,70,71,68,68,69,69,69,68,65,62,62,63,64,63,61,59,58,62,68,71,72,72,65,51,50,46,53,74,78,75,49,47,75,76,78,77,67,78,51,54,67,71,68,67,67,69,73,67,52,51,55,65,66,55,52,60,70,71,70,68,68,66,61,63,69,71,69,68,68,69,68,67,64,61,61,64,65,63,59,57,58,64,70,73,73,72,66,51,50,45,49,73,77,76,50,46,75,76,78,77,69,77,49,55,68,71,68,68,68,69,72,72,54,51,53,63,66,57,51,58,69,71,70,69,68,65,61,62,68,70,69,69,68,69,68,67,64,61,61,64,64,61,58,56,58,66,71,74,74,72,66,51,50,45,46,71,77,76,49,45,75,76,79,77,70,76,47,55,70,70,68,68,69,69,72,74,58,51,52,60,66,59,52,55,68,70,71,69,67,65,61,62,67,69,69,69,69,69,68,66,63,60,61,64,64,60,55,54,59,69,73,74,74,73,67,51,49,45,44,69,76,75,49,44,76,77,79,77,72,76,46,56,71,70,68,69,70,70,72,74,62,51,51,59,66,61,52,53,66,70,70,70,67,63,60,62,67,69,69,69,69,69,68,67,62,59,61,65,64,57,53,52,60,71,74,75,75,73,68,51,49,45,43,67,75,75,48,44,76,77,79,77,74,75,45,56,72,71,68,69,70,70,72,75,66,51,51,58,65,61,53,52,62,69,70,70,67,61,59,62,67,68,68,69,69,69,69,67,62,58,61,66,63,54,51,49,61,73,75,76,75,74,70,52,48,45,43,66,75,74,47,44,77,77,79,77,75,75,44,57,72,71,68,70,71,71,72,75,69,51,51,57,63,61,53,52,59,67,69,70,66,59,58,63,67,68,68,69,70,70,70,68,62,55,61,68,61,50,49,47,63,75,76,77,76,74,72,54,47,45,43,64,75,74,46,45,77,77,78,78,77,74,44,57,73,71,68,70,71,71,72,75,70,52,51,57,62,60,53,52,57,66,69,69,65,57,58,64,68,68,68,69,70,70,70,68,59,52,60,70,57,47,47,46,67,76,76,77,76,74,73,58,46,45,43,63,75,73,44,47,78,77,78,78,78,74,43,57,73,70,68,70,71,71,72,75,71,53,52,57,61,59,53,52,57,65,68,67,62,56,59,66,68,68,69,70,70,71,70,67,55,49,60,70,54,45,46,46,70,77,77,78,76,74,74,63,45,45,44,63,76,73,42,49,79,77,78,78,79,73
Haydn_1000.mid,68,68,68,68,68,68,68,68,68,68,68,68,68,68,68,68,68,68,68,68,68,68,68,68,68,68,68,68,68,68,68,68,68,68,68,68,68,68,68,68,68,68,68,68,68,68,68,68,68,68,68,68,68,68,68,68,68,68,68,68,68,68,68,68,68,68,68,68,68,68,68,68,68,68,68,68,68,68,68,68,68,68,68,68,68,68,68,68,68,68,68,68,68,68,68,68,68,68,68,68,68,68,68,68,68,68,68,68,68,68,68,68,68,68,68,68,68,68,68,68,68,68,68,68,68,68,68,68,68,68,68,68,68,68,68,68,68,68,68,68,68,68,68,68,68,68,68,68,68,68,68,68,68,68,68,68,68,68,68,68,68,68,68,68,68,68,68,68,68,68,68,68,68,68,68,68,68,68,68,68,68,68,68,68,68,68,68,68,68,68,68,68,68,68,68,68,68,68,68,68,68,68,68,68,68,68,68,68,68,68,68,68,68,68,68,68,68,68,68,68,68,68,68,68,68,68,68,68,68,68,68,68,68,68,68,68,68,68,68,68,68,68,68,68,68,68,68,68,68,68,68,68,68,68,68,68,68,68,68,68,68,68,68,68,68,68,68,68,68,68,68,68,68,68,68,68,68,68,68,68,68,68,68,68,68,68,68,68,68,68,68,68,68,68,68,68,68,68,68,68,68,68,68,68,68,68,68,68,68,68,68,68,68,68,68,68,68,68,68,68,68,68,68,68,68,68,68,68,68,68,68,68,68,68,68,68,68,68,68,68,68,68,68,68,68,68,68,68,68,68,68,68,68,68,68,68,68,68,68,68,68,68,68,68,68,68,68,68,68,68,68,68,68,68,68,68,68,68,68,68,68,68,68,68,68,68,68,68,68,68,68,68,68,68,68,68,68,68,68,68,68,68,68,68,68,68,68,68,68,68,68,68,68,68,68,68,68,68,68,68,68,68,68,68,68,68,68,68,68,68,68,68,68,68,68,68,68,68,68,68,68,68,68,68,68,68,68,68,68,68,68,68,68,68,68,68,68,68,68,68,68,68,68,68,68,68,68,68,68,68,68,68,68,68,68,68,68,68,68,68,68,68,68,68,68,68,68,68,68,68,68,68,68,68,68,68,68,68,68,68,68,68,68,68,68,68,68,68,68,68,68,68,68,68,68,68,68,68,68,68,68,68,68,68,68,68,68,68,68,68,68,68,68,68,68,68,68,68,68,68,68,68,68,68,68,68,68,68,68,68,68,68,68,68,68,68,68,68,68,68,68,68,68,68,68,68,68,68,68,68,68,68,68,68,68,68,68,68,68,68,68,68,68,68,68,68,68,68,68,68,68,68,68,68,68,68,68,68,68,68,68,68,68,68,68,68,68,68,68,68,68,68,68,68,68,68,68,68,68,68,68,68,68,68,68,68,68,68,68,68,68,68,68,68,68,68,68,68,68,68,68,68,68,68,68,68,68,68,68,68,68,68,68,68,68,68,68,68,68,68,68,68,68,68,68,68,68,68,68,68,68,68,68,68,68,68,68,68,68,68,68,68,68,68,68,68,68,68,68,68,68,68,68,68,68,68,68,68,68,68,68,68,68,68
Haydn_250.mid,57,55,62,63,70,69,65,69,70,45,42,68,66,68,70,40,53,68,70,68,67,66,66,67,67,67,68,69,70,70,69,69,68,66,65,65,65,64,62,62,63,55,52,64,68,68,65,64,70,46,46,64,73,70,72,75,37,51,77,78,77,73,68,78,57,54,62,68,71,70,68,71,71,44,42,69,66,67,69,40,52,68,70,69,68,67,67,67,67,68,68,69,69,69,69,68,67,67,66,65,63,61,62,62,65,59,48,63,68,68,65,64,70,45,45,65,71,69,70,75,40,45,75,76,75,73,71,78,57,52,63,72,73,72,70,72,72,43,41,70,67,67,70,39,50,68,71,69,69,68,68,68,68,68,69,69,69,69,68,68,68,67,66,65,62,59,62,62,64,63,48,58,68,67,64,64,69,44,45,66,71,68,68,74,44,40,74,73,74,72,73,78,58,50,65,75,75,74,72,74,73,43,40,71,67,67,71,39,47,69,71,70,70,69,69,69,69,69,69,69,69,69,69,68,68,67,66,66,63,55,61,63,62,65,50,52,68,66,62,63,69,44,45,65,70,67,67,73,48,38,71,71,73,71,74,78,59,49,66,78,78,75,74,75,74,43,39,73,68,68,72,40,45,69,72,70,71,70,70,69,69,69,69,69,69,69,69,69,69,68,67,66,64,53,58,63,61,64,53,47,66,65,61,62,67,43,45,65,69,66,66,72,53,37,68,69,71,70,74,77,60,48,68,80,80,77,75,76,76,44,39,74,69,68,73,41,42,70,72,71,71,71,70,70,70,70,70,70,70,70,70,69,69,68,67,66,65,53,50,64,61,62,55,44,64,63,60,62,66,43,45,64,68,66,65,70,58,37,62,67,70,69,74,77,61,48,70,82,81,78,76,77,77,45,39,75,70,68,74,44,40,71,72,72,72,71,71,71,70,70,70,70,70,70,70,70,70,69,67,66,66,56,42,64,61,60,56,41,61,62,59,61,65,43,44,64,67,65,65,68,64,38,54,67,68,68,74,76,62,49,72,83,83,80,77,78,78,46,40,76,71,69,74,46,38,72,72,72,72,72,71,71,70,70,70,71,71,71,70,70,70,69,68,66,66,59,38,61,61,60,58,39,58,62,59,60,64,41,43,64,66,65,64,66,68,41,44,68,66,67,74,76,62,50,74,84,84,80,78,79,79,47,40,76,71,69,75,50,36,73,72,73,72,72,71,71,71,70,71,71,71,71,71,71,71,70,68,67,66,61,37,55,61,60,59,40,52,62,59,59,63,40,42,64,66,65,65,65,69,48,38,65,63,66,73,75,63,52,75,85,85,81,79,79,79,47,40,77,72,70,75,54,34,74,72,74,72,72,71,72,71,71,71,71,72,72,72,71,71,70,69,67,66,63,39,46,63,60,58,42,45,61,59,57,62,39,41,64,65,65,65,64,68,56,36,59,62,64,72,74,65,53,76,85,85,82,80,80,80,47,40,78,73,71,75,60,30,76,71,75,72,73,72,72,71,71,71,72,72,72,72,72,71,71,70,68,66,65,43,37,64,60,58,45,34,60,58,57,61,39,40,64,65,66,66,65,67,63,37,49,61,61,72,73
Haydn_50.mid,55,59,61,61,64,67,68,68,63,52,47,52,66,70,60,50,54,64,67,65,65,66,67,68,68,68,68,69,69,70,70,69,67,65,62,62,63,65,66,67,67,66,62,60,63,67,71,72,67,53,49,54,68,76,77,67,47,53,77,77,75,69,71,75,54,60,63,61,61,66,68,68,64,52,46,51,63,70,62,52,56,64,66,64,63,66,68,69,68,68,68,69,69,69,69,68,67,66,65,64,64,64,65,66,68,68,66,62,63,66,70,72,69,55,50,56,68,75,77,69,49,53,77,78,74,66,72,77,54,60,64,61,59,64,67,67,64,53,46,50,61,69,64,55,57,64,65,63,63,66,68,69,69,68,69,69,69,68,68,67,67,67,67,67,66,65,65,66,68,70,70,66,64,65,69,72,70,58,51,57,69,74,77,72,52,54,76,78,73,64,72,79,54,61,65,61,58,62,66,66,64,54,47,49,58,67,64,58,58,63,65,63,63,66,68,69,69,69,69,69,68,68,67,66,67,67,68,68,68,67,67,67,68,71,72,71,67,65,67,70,71,61,52,58,70,74,76,73,56,55,75,78,71,61,73,82,54,61,65,61,56,61,65,66,63,54,47,48,55,64,65,60,60,63,65,64,64,66,68,69,69,69,69,69,68,67,66,66,66,66,67,68,69,69,69,68,70,72,74,74,71,67,66,70,71,63,54,58,70,74,76,73,59,56,74,78,70,58,74,84,55,62,65,60,55,59,65,65,63,54,47,48,52,60,64,63,61,63,65,65,64,66,68,69,69,69,69,68,68,66,65,64,65,66,67,68,69,70,70,70,71,73,75,76,74,70,68,69,71,64,55,58,70,75,76,74,61,57,72,78,68,55,73,85,56,62,65,60,54,58,64,65,62,55,48,48,50,56,63,64,63,64,66,66,65,66,67,68,69,69,69,68,67,66,64,63,64,65,66,68,69,70,70,71,72,75,76,77,76,74,72,72,70,62,55,58,68,75,76,73,62,58,70,76,66,52,73,87,57,63,65,59,54,58,63,64,62,55,49,48,49,53,61,65,65,65,66,67,67,66,67,68,68,68,68,67,66,65,64,63,63,64,66,67,68,69,71,72,74,76,77,78,77,76,76,76,73,60,55,58,67,74,76,72,63,59,69,75,64,50,71,87,58,63,64,58,54,57,62,63,61,56,50,48,48,50,59,66,67,66,67,68,68,67,67,68,68,68,67,66,65,64,62,62,62,64,66,67,68,70,72,73,75,77,78,79,79,78,78,78,77,62,53,56,64,74,76,72,64,60,68,73,63,49,68,87,59,63,63,58,54,57,61,62,61,56,51,48,47,49,58,67,68,67,67,68,68,68,68,68,68,68,67,65,63,61,60,61,62,64,66,67,69,71,73,74,75,77,79,79,80,79,79,79,78,66,52,54,62,72,75,72,65,61,66,72,63,48,65,86,60,62,62,58,55,57,60,61,60,57,52,48,47,48,58,67,68,67,68,69,69,69,69,69,69,68,66,64,61,59,58,59,61,64,66,68,71,73,74,75,76,78,79,80,80,80,79,79,79,71,53,54,60,70,74,72,68,63,65,69,62,48,63,85
Haydn_500.mid,68,68,68,68,68,68,68,68,68,68,68,68,68,68,68,68,68,68,68,68,68,68,68,68,68,68,68,68,68,68,68,68,68,68,68,68,68,68,68,68,68,68,68,68,68,68,68,68,68,68,68,68,68,68,68,68,68,68,68,68,68,68,68,68,68,68,68,68,68,68,68,68,68,68,68,68,68,68,68,68,68,68,68,68,68,68,68,68,68,68,68,68,68,68,68,68,68,68,68,68,68,68,68,68,68,68,68,68,68,68,68,68,68,68,68,68,68,68,68,68,68,68,68,68,68,68,68,68,68,68,68,68,68,68,68,68,68,68,68,68,68,68,68,68,68,68,68,68,68,68,68,68,68,68,68,68,68,68,68,68,68,68,68,68,68,68,68,68,68,68,68,68,68,68,68,68,68,68,68,68,68,68,68,68,68,68,68,68,68,68,68,68,68,68,68,68,68,68,68,68,68,68,68,68,68,68,68,68,68,68,68,68,68,68,68,68,68,68,68,68,68,68,68,68,68,68,68,68,68,68,68,68,68,68,68,68,68,68,68,68,68,68,68,68,68,68,68,68,68,68,68,68,68,68,68,68,68,68,68,68,68,68,68,68,68,68,68,68,68,68,68,68,68,68,68,68,68,68,68,68,68,68,68,68,68,68,68,68,68,68,68,68,68,68,68,68,68,68,68,68,68,68,68,68,68,68,68,68,68,68,68,68,68,68,68,68,68,68,68,68,68,68,68,68,68,68,68,68,68,68,68,68,68,68,68,68,68,68,68,68,68,68,68,68,68,68,68,68,68,68,68,68,68,68,68,68,68,68,68,68,68,68,68,68,68,68,68,68,68,68,68,68,68,68,68,68,68,68,68,68,68,68,68,68,68,68,68,68,68,68,68,68,68,68,68,68,68,68,68,68,68,68,68,68,68,68,68,68,68,68,68,68,68,68,68,68,68,68,68,68,68,68,68,68,68,68,68,68,68,68,68,68,68,68,68,68,68,68,68,68,68,68,68,68,68,68,68,68,68,68,68,68,68,68,68,68,68,68,68,68,68,68,68,68,68,68,68,68,68,68,68,68,68,68,68,68,68,68,68,68,68,68,68,68,68,68,68,68,68,68,68,68,68,68,68,68,68,68,68,68,68,68,68,68,68,68,68,68,68,68,68,68,68,68,68,68,68,68,68,68,68,68,68,68,68,68,68,68,68,68,68,68,68,68,68,68,68,68,68,68,68,68,68,68,68,68,68,68,68,68,68,68,68,68,68,68,68,68,68,68,68,68,68,68,68,68,68,68,68,68,68,68,68,68,68,68,68,68,68,68,68,68,68,68,68,68,68,68,68,68,68,68,68,68,68,68,68,68,68,68,68,68,68,68,68,68,68,68,68,68,68,68,68,68,68,68,68,68,68,68,68,68,68,68,68,68,68,68,68,68,68,68,68,68,68,68,68,68,68,68,68,68,68,68,68,68,68,68,68,68,68,68,68,68,68,68,68,68,68,68,68,68,68,68,68,68,68,68,68,68,68,68,68,68,68,68,68,68,68,68,68,68,68,68,68,68,68,68,68,68,68,68,68,68,68,68,68,68,68,68,68,68,68,68
Mendelssohn_100.mid,46,42,45,51,54,56,58,59,53,46,45,47,51,55,57,60,58,47,43,44,47,52,54,54,56,59,57,50,46,47,51,53,56,59,60,51,40,39,45,51,54,55,58,60,55,47,45,47,51,54,56,60,61,46,40,39,44,50,51,51,53,59,64,62,46,41,44,51,55,56,58,57,49,44,44,47,51,54,57,60,58,49,44,45,47,51,53,54,56,59,58,51,46,46,49,53,55,59,61,53,39,37,42,49,53,55,58,60,54,46,44,46,50,53,56,60,61,47,40,39,44,49,51,50,51,57,63,62,45,40,43,50,55,57,59,55,45,42,43,47,51,54,57,59,59,50,45,45,47,51,54,54,56,59,58,51,46,45,48,52,55,59,61,54,39,35,39,47,52,54,57,59,53,45,43,45,49,53,56,59,61,48,41,39,43,49,50,49,49,56,62,62,44,39,42,50,55,58,60,52,41,39,42,47,51,54,56,59,60,52,45,45,47,51,54,55,57,60,59,52,45,44,47,52,55,59,62,55,39,34,38,45,50,54,57,58,52,45,43,44,48,52,55,59,61,49,41,39,42,48,50,48,48,54,61,62,44,38,41,50,56,58,60,48,39,37,41,47,51,53,56,59,62,56,46,45,47,51,55,57,58,61,60,52,45,44,47,51,55,59,62,55,39,33,36,43,49,53,56,57,52,45,43,44,48,52,55,59,61,50,41,39,41,47,49,47,47,53,60,61,43,37,40,49,55,59,59,46,37,35,40,46,51,53,55,59,63,60,48,46,47,51,56,58,60,62,60,51,44,43,46,51,55,59,62,57,40,32,35,41,48,52,55,57,52,46,44,44,47,51,55,59,61,51,40,38,41,46,49,47,46,52,60,61,42,36,39,48,55,59,59,44,35,34,39,46,51,53,55,58,63,63,52,47,47,50,56,60,62,63,59,50,44,43,46,51,55,59,63,58,41,32,33,40,47,51,54,56,53,47,45,45,47,51,54,58,61,52,40,38,39,45,48,46,45,51,59,60,42,36,38,48,55,59,59,43,34,32,37,45,51,54,55,58,62,66,57,48,47,49,56,61,64,64,58,48,43,43,47,52,56,59,63,60,43,32,32,38,45,50,53,55,53,48,46,46,48,51,54,58,61,53,40,37,38,44,47,45,45,50,58,60,43,35,37,47,54,59,60,44,33,31,36,45,51,54,56,58,62,67,63,51,48,48,54,62,65,64,56,46,41,42,47,52,56,59,63,62,46,33,31,37,44,49,52,54,53,49,47,47,48,51,55,58,62,54,40,37,37,42,46,45,44,49,56,59,43,36,37,46,54,59,60,45,33,30,35,44,52,55,57,58,61,67,66,55,49,48,52,61,66,64,53,43,40,41,47,52,56,58,62,63,51,34,30,34,42,49,52,54,53,50,48,48,49,52,55,58,62,55,40,36,35,40,44,44,43,48,55,58,45,36,36,45,54,59,62,48,33,30,34,44,52,56,58,59,61,66,68,59,51,49,51,60,66,64,51,41,38,40,46,53,56,58,62,65,56,37,29,32,40,48,52,54,53,50,49,49,50,53,55,58,62,57,41,35,33,37,42,43,43,47,54,57
Mendelssohn_1000.mid,44,44,47,50,53,53,56,60,59,47,48,54,51,55,56,59,59,48,44,44,44,51,51,54,56,61,59,49,48,52,51,55,54,56,61,50,45,42,45,51,51,55,56,59,61,49,49,48,51,58,57,59,61,52,40,38,46,51,52,53,55,63,64,61,44,45,47,49,52,52,57,60,59,47,48,53,51,55,56,59,59,50,46,43,44,50,51,53,55,61,59,50,49,51,50,54,53,56,61,52,44,41,46,49,51,54,55,58,62,53,49,47,52,58,58,59,62,55,41,39,47,51,52,53,55,63,64,61,44,46,48,48,51,52,57,61,59,48,49,53,51,55,55,58,61,51,47,43,44,50,50,54,55,60,58,51,50,50,50,52,52,55,61,55,44,41,48,48,51,53,53,57,62,58,48,47,53,56,59,60,62,57,43,40,47,50,52,53,56,63,65,61,44,46,48,47,50,51,58,61,59,48,49,53,51,55,56,59,62,53,48,44,45,49,49,54,55,59,57,51,51,51,50,51,50,54,60,57,43,41,49,47,51,52,53,57,62,62,47,49,53,54,61,60,62,58,44,42,46,50,53,53,56,63,65,61,45,47,48,47,49,51,58,61,59,49,49,53,51,55,56,59,62,53,49,45,46,49,48,53,55,59,57,51,51,52,50,50,49,52,58,60,42,43,50,46,52,50,52,56,62,64,49,51,51,53,63,60,62,59,47,44,45,49,53,53,56,63,65,61,45,47,47,47,49,50,58,61,59,49,50,53,51,55,56,59,62,53,50,46,46,49,48,53,54,59,57,51,52,54,50,49,48,51,57,62,43,44,49,47,52,50,52,54,62,65,51,51,49,54,64,61,62,60,50,46,44,49,53,53,56,63,65,61,46,47,47,47,49,50,58,61,60,49,50,53,51,55,56,59,62,53,50,47,47,49,48,52,54,59,56,51,52,55,50,48,48,50,56,61,44,45,48,48,52,50,52,53,63,65,55,50,47,56,63,61,62,61,55,47,44,49,53,54,56,63,65,61,46,47,47,47,48,50,58,61,61,50,51,53,51,56,56,59,62,53,51,48,47,49,48,52,54,58,56,51,52,55,51,48,48,50,55,61,46,46,47,49,53,50,51,51,62,65,58,49,46,57,63,61,62,63,59,47,45,49,52,54,56,63,65,61,47,48,46,47,48,49,58,62,62,51,51,52,51,56,57,59,62,53,51,48,48,49,48,52,54,58,54,51,52,55,51,47,47,50,55,60,47,47,46,50,54,50,51,51,61,65,60,48,47,59,62,62,63,63,62,48,46,48,51,55,56,64,65,61,47,48,46,47,48,49,57,62,63,52,50,51,52,57,58,60,62,54,51,49,48,49,49,51,53,57,53,51,52,55,52,47,47,50,54,59,49,46,46,51,54,51,50,50,60,65,63,48,48,61,61,62,63,63,65,50,47,46,51,56,56,64,65,61,48,48,46,47,48,49,57,62,63,52,50,50,52,59,59,60,63,54,52,49,48,49,49,51,53,57,52,50,51,54,52,47,47,50,53,58,51,46,45,52,54,51,50,50,59,65,66,47,49,61,60,63,62,63,66,56,47,45,52,55,56,64,65,61
Mendelssohn_250.mid,62,62,62,62,62,62,62,62,62,62,62,62,62,62,62,62,62,62,62,62,62,62,62,62,62,62,62,62,62,62,62,62,62,62,62,62,62,62,62,62,62,62,62,62,62,62,62,62,62,62,62,62,62,62,62,62,62,62,62,62,62,62,62,62,62,62,62,62,62,62,62,62,62,62,62,62,62,62,62,62,62,62,62,62,62,62,62,62,62,62,62,62,62,62,62,62,62,62,62,62,62,62,62,62,62,62,62,62,62,62,62,62,62,62,62,62,62,62,62,62,62,62,62,62,62,62,62,62,62,62,62,62,62,62,62,62,62,62,62,62,62,62,62,62,62,62,62,62,62,62,62,62,62,62,62,62,62,62,62,62,62,62,62,62,62,62,62,62,62,62,62,62,62,62,62,62,62,62,62,62,62,62,62,62,62,62,62,62,62,62,62,62,62,62,62,62,62,62,62,62,62,62,62,62,62,62,62,62,62,62,62,62,62,62,62,62,62,62,62,62,62,62,62,62,62,62,62,62,62,62,62,62,62,62,62,62,62,62,62,62,62,62,62,62,62,62,62,62,62,62,62,62,62,62,62,62,62,62,62,62,62,62,62,62,62,62,62,62,62,62,62,62,62,62,62,62,62,62,62,62,62,62,62,62,62,62,62,62,62,62,62,62,62,62,62,62,62,62,62,62,62,62,62,62,62,62,62,62,62,62,62,62,62,62,62,62,62,62,62,62,62,62,62,62,62,62,62,62,62,62,62,62,62,62,62,62,62,62,62,62,62,62,62,62,62,62,62,62,62,62,62,62,62,62,62,62,62,62,62,62,62,62,62,62,62,62,62,62,62,62,62,62,62,62,62,62,62,62,62,62,62,62,62,62,62,62,62,62,62,62,62,62,62,62,62,62,62,62,62,62,62,62,62,62,62,62,62,62,62,62,62,62,62,62,62,62,62,62,62,62,62,62,62,62,62,62,62,62,62,62,62,62,62,62,62,62,62,62,62,62,62,62,62,62,62,62,62,62,62,62,62,62,62,62,62,62,62,62,62,62,62,62,62,62,62,62,62,62,62,62,62,62,62,62,62,62,62,62,62,62,62,62,62,62,62,62,62,62,62,62,62,62,62,62,62,62,62,62,62,62,62,62,62,62,62,62,62,62,62,62,62,62,62,62,62,62,62,62,62,62,62,62,62,62,62,62,62,62,62,62,62,62,62,62,62,62,62,62,62,62,62,62,62,62,62,62,62,62,62,62,62,62,62,62,62,62,62,62,62,62,62,62,62,62,62,62,62,62,62,62,62,62,62,62,62,62,62,62,62,62,62,62,62,62,62,62,62,62,62,62,62,62,62,62,62,62,62,62,62,62,62,62,62,62,62,62,62,62,62,62,62,62,62,62,62,62,62,62,62,62,62,62,62,62,62,62,62,62,62,62,62,62,62,62,62,62,62,62,62,62,62,62,62,62,62,62,62,62,62,62,62,62,62,62,62,62,62,62,62,62,62,62,62,62,62,62,62,62,62,62,62,62,62,62,62,62,62,62,62,62,62,62,62,62,62,62,62,62,62,62,62,62,62,62,62,62,62,62,62,62,62,62,62,62
Mendelssohn_50.mid,49,47,48,51,53,55,56,57,52,45,43,47,52,55,56,55,54,50,46,46,49,52,54,54,54,54,52,51,51,52,53,54,55,55,54,51,47,45,46,49,53,55,57,58,56,51,47,48,52,56,59,61,60,51,40,38,45,51,52,50,53,60,63,62,50,50,50,52,53,55,56,56,50,45,45,48,51,52,52,51,50,49,48,49,50,51,51,51,51,52,52,52,52,53,53,53,53,54,53,50,47,46,47,49,52,55,57,57,57,53,48,48,52,56,59,62,61,54,42,37,44,50,51,50,51,58,62,62,52,51,51,53,54,55,55,53,48,45,47,50,50,49,48,47,48,49,49,49,49,49,49,50,50,50,51,52,52,52,52,52,53,53,52,50,48,46,47,49,52,54,56,57,57,54,49,48,52,56,59,61,62,57,46,37,41,48,51,49,49,55,60,62,52,52,53,54,54,55,54,51,47,47,49,49,47,44,44,46,48,48,48,48,48,48,48,49,49,50,50,50,51,51,51,51,52,52,52,50,48,46,46,48,51,53,55,57,57,55,51,48,51,55,58,60,62,59,50,39,39,46,50,48,48,53,59,61,52,53,54,55,55,55,53,49,47,48,49,47,44,42,43,45,47,47,46,46,46,47,47,48,48,48,49,49,49,50,50,50,51,51,51,50,48,46,45,46,49,52,54,56,57,56,53,49,49,53,57,59,62,61,54,43,39,44,48,48,46,50,57,60,53,54,55,56,56,55,52,47,47,49,49,45,41,40,43,45,46,45,45,45,45,46,46,46,47,47,47,48,48,48,48,49,49,50,50,49,47,45,44,45,47,50,52,54,56,57,55,50,48,51,55,58,60,61,57,48,41,42,46,47,44,48,54,58,53,54,56,56,56,54,50,46,47,49,48,44,40,40,43,45,45,44,43,44,44,44,45,45,45,45,46,46,46,47,47,47,48,49,49,48,47,45,43,43,44,47,50,53,55,56,56,53,48,48,52,55,59,60,58,52,44,43,45,45,42,45,52,56,53,55,56,57,56,54,49,46,48,50,48,43,39,40,43,45,44,43,42,43,43,43,43,44,44,44,44,44,45,45,45,46,46,47,47,47,46,45,43,42,43,45,48,50,53,55,56,54,49,46,48,53,57,59,58,55,49,45,44,42,40,42,49,54,53,55,56,56,55,52,47,46,48,50,46,41,39,42,44,44,43,42,42,42,42,42,42,43,43,43,43,43,43,43,43,44,45,45,46,46,45,44,42,41,41,43,46,48,50,52,54,54,50,45,45,50,55,58,58,56,54,49,44,40,36,40,47,51,53,55,56,56,54,51,46,46,49,49,45,41,40,43,45,44,43,42,42,42,42,42,42,42,42,42,42,42,42,42,42,43,43,44,45,45,44,43,42,41,41,42,44,46,48,50,52,53,50,45,44,48,53,56,56,56,56,54,46,38,33,36,45,50,53,55,55,55,53,50,45,46,49,49,45,41,41,44,45,44,43,42,42,42,42,42,42,42,41,41,41,41,41,41,41,42,43,43,44,44,43,43,42,41,41,42,43,45,46,48,50,51,49,45,44,47,52,54,56,56,57,57,49,38,30,33,43,49
Mendelssohn_500.mid,45,42,46,51,55,56,57,58,57,51,48,50,53,54,56,59,58,47,41,44,49,52,53,53,55,59,59,49,45,49,54,57,57,58,54,48,44,45,46,49,53,57,59,59,54,48,49,51,53,56,57,58,58,48,39,39,44,50,53,53,53,59,67,62,44,41,45,51,55,56,56,58,57,52,49,50,52,54,56,59,58,47,41,44,49,51,52,52,54,59,60,49,44,49,55,57,58,57,52,47,46,46,46,48,52,57,60,59,52,48,51,53,54,54,56,58,57,46,38,39,43,49,54,54,53,57,67,64,44,41,45,52,56,56,55,57,57,53,50,50,52,53,56,59,57,47,41,44,49,51,52,52,54,60,61,49,44,49,55,58,58,56,49,47,48,48,46,47,51,57,60,59,50,48,53,56,54,54,55,58,56,44,37,39,42,49,55,56,52,56,66,65,44,40,45,52,56,55,54,56,57,54,50,50,51,53,56,59,57,47,41,43,49,51,52,52,54,60,62,49,43,49,55,58,58,55,47,46,49,51,47,45,50,57,60,59,48,47,54,57,55,53,54,57,54,41,36,39,42,48,55,57,53,55,66,67,44,39,45,53,57,55,53,55,56,54,51,49,50,52,56,59,57,46,40,43,48,50,51,51,54,60,62,48,43,48,55,59,59,54,44,45,50,53,48,44,49,57,61,58,47,48,56,59,56,52,53,57,52,38,35,39,41,47,56,59,54,54,66,68,44,39,44,53,57,54,51,54,57,55,51,49,49,52,56,59,57,46,39,42,48,50,51,51,53,60,63,48,42,48,55,59,59,53,42,44,51,54,49,43,48,57,61,58,46,47,57,60,56,52,53,56,50,36,34,39,41,47,57,61,55,54,65,68,44,38,44,53,57,53,50,53,57,56,51,48,48,51,56,59,57,45,38,42,48,50,51,51,53,60,63,48,42,48,55,60,59,52,40,44,50,56,50,43,47,56,61,57,45,47,58,61,57,53,53,56,47,33,33,39,40,46,57,63,57,53,65,69,44,38,43,53,57,52,48,52,57,57,52,47,47,50,56,60,57,44,36,41,48,51,51,51,54,60,63,48,42,48,55,60,60,51,38,43,50,56,51,43,46,55,60,56,44,47,58,62,58,54,54,55,44,31,32,39,40,45,58,64,58,53,65,69,44,37,43,53,56,51,47,52,57,58,52,45,45,50,57,60,58,43,35,40,48,51,51,50,54,60,62,48,43,48,55,60,60,51,37,41,48,56,52,43,45,54,60,56,44,47,58,62,58,55,55,55,42,29,31,37,39,44,58,66,60,54,64,69,43,37,43,53,56,50,47,52,58,59,52,44,44,49,57,60,58,42,34,39,47,51,51,51,54,60,61,47,43,48,55,60,60,51,36,40,47,55,53,43,44,53,59,55,43,46,57,62,59,56,56,56,41,28,29,36,37,43,57,66,62,54,64,69,43,37,42,52,55,49,47,53,59,60,51,42,42,49,58,61,59,40,33,38,47,51,51,51,54,60,59,47,44,48,55,59,60,51,34,38,45,54,53,44,43,52,58,55,42,45,57,62,60,57,57,57,40,26,28,33,36,41,57,66,63,55,64,69
Schumann_100.mid,62,62,62,62,62,62,62,62,62,62,62,62,62,62,62,62,62,62,62,62,62,62,62,62,62,62,62,62,62,62,62,62,62,62,62,62,62,62,62,62,62,62,62,62,62,62,62,62,62,62,62,62,62,62,62,62,62,62,62,62,62,62,62,62,62,62,62,62,62,62,62,62,62,62,62,62,62,62,62,62,62,62,62,62,62,62,62,62,62,62,62,62,62,62,62,62,62,62,62,62,62,62,62,62,62,62,62,62,62,62,62,62,62,62,62,62,62,62,62,62,62,62,62,62,62,62,62,62,62,62,62,62,62,62,62,62,62,62,62,62,62,62,62,62,62,62,62,62,62,62,62,62,62,62,62,62,62,62,62,62,62,62,62,62,62,62,62,62,62,62,62,62,62,62,62,62,62,62,62,62,62,62,62,62,62,62,62,62,62,62,62,62,62,62,62,62,62,62,62,62,62,62,62,62,62,62,62,62,62,62,62,62,62,62,62,62,62,62,62,62,62,62,62,62,62,62,62,62,62,62,62,62,62,62,62,62,62,62,62,62,62,62,62,62,62,62,62,62,62,62,62,62,62,62,62,62,62,62,62,62,62,62,62,62,62,62,62,62,62,62,62,62,62,62,62,62,62,62,62,62,62,62,62,62,62,62,62,62,62,62,62,62,62,62,62,62,62,62,62,62,62,62,62,62,62,62,62,62,62,62,62,62,62,62,62,62,62,62,62,62,62,62,62,62,62,62,62,62,62,62,62,62,62,62,62,62,62,62,62,62,62,62,62,62,62,62,62,62,62,62,62,62,62,62,62,62,62,62,62,62,62,62,62,62,62,62,62,62,62,62,62,62,62,62,62,62,62,62,62,62,62,62,62,62,62,62,62,62,62,62,62,62,62,62,62,62,62,62,62,62,62,62,62,62,62,62,62,62,62,62,62,62,62,62,62,62,62,62,62,62,62,62,62,62,62,62,62,62,62,62,62,62,62,62,62,62,62,62,62,62,62,62,62,62,62,62,62,62,62,62,62,62,62,62,62,62,62,62,62,62,62,62,62,62,62,62,62,62,62,62,62,62,62,62,62,62,62,62,62,62,62,62,62,62,62,62,62,62,62,62,62,62,62,62,62,62,62,62,62,62,62,62,62,62,62,62,62,62,62,62,62,62,62,62,62,62,62,62,62,62,62,62,62,62,62,62,62,62,62,62,62,62,62,62,62,62,62,62,62,62,62,62,62,62,62,62,62,62,62,62,62,62,62,62,62,62,62,62,62,62,62,62,62,62,62,62,62,62,62,62,62,62,62,62,62,62,62,62,62,62,62,62,62,62,62,62,62,62,62,62,62,62,62,62,62,62,62,62,62,62,62,62,62,62,62,62,62,62,62,62,62,62,62,62,62,62,62,62,62,62,62,62,62,62,62,62,62,62,62,62,62,62,62,62,62,62,62,62,62,62,62,62,62,62,62,62,62,62,62,62,62,62,62,62,62,62,62,62,62,62,62,62,62,62,62,62,62,62,62,62,62,62,62,62,62,62,62,62,62,62,62,62,62,62,62,62,62,62,62,62,62,62,62,62,62,62,62,62,62,62,62,62,62,62
Schumann_1000.mid,65,67,67,70,70,67,63,58,53,52,56,62,67,70,73,75,75,74,72,68,65,63,61,59,58,57,58,61,65,69,72,75,76,76,72,64,56,54,57,62,63,61,58,58,63,73,77,79,82,77,58,47,50,59,65,63,61,61,63,64,61,56,59,65,63,63,61,67,69,67,64,59,55,53,57,63,67,70,73,74,74,74,72,70,68,66,63,60,57,56,58,62,66,69,71,73,74,73,70,64,56,52,54,60,63,63,59,58,61,71,76,78,81,77,58,45,48,58,66,64,62,62,64,64,61,55,59,67,62,60,56,63,67,67,64,61,56,54,58,63,67,70,72,73,74,73,73,72,70,68,65,61,57,56,58,63,67,69,70,71,71,71,69,63,56,50,52,58,63,64,61,58,59,69,76,77,80,78,59,42,45,55,67,65,64,64,65,64,61,55,59,68,61,57,52,60,65,66,65,62,57,55,58,63,66,69,72,72,73,73,73,73,72,70,66,61,57,56,59,63,67,69,69,69,69,69,67,63,56,49,49,56,63,65,63,58,57,66,76,77,80,79,60,40,43,50,68,67,65,65,66,64,60,54,58,70,61,55,48,58,64,66,65,63,59,57,59,63,66,68,71,72,72,73,73,74,73,72,68,62,57,56,59,64,68,69,68,67,67,67,66,63,56,48,47,54,63,66,65,59,56,62,75,77,79,79,63,39,40,45,67,69,66,67,67,65,60,54,58,71,60,54,45,56,62,66,66,65,61,58,59,62,65,67,70,71,72,73,74,75,74,73,69,63,57,56,59,64,68,69,68,66,65,65,66,63,57,47,45,52,64,67,67,61,55,58,75,77,79,80,65,40,37,40,62,73,69,69,69,65,59,55,59,72,60,53,43,54,61,66,67,66,62,59,60,61,63,66,69,71,73,73,75,76,75,73,69,62,58,57,60,65,68,68,67,64,63,64,66,64,58,47,44,50,64,68,69,64,55,54,72,78,79,80,68,42,35,38,52,77,72,72,71,64,57,57,61,72,60,52,41,53,60,66,67,68,64,61,60,61,62,65,68,71,73,75,76,77,75,72,68,62,58,58,61,65,68,67,65,63,62,64,66,65,59,48,43,49,64,69,71,67,56,51,67,79,79,80,71,45,33,38,42,79,74,74,72,64,54,59,65,73,60,52,40,52,60,65,68,69,65,62,61,61,62,65,68,71,75,76,77,78,75,71,66,60,58,59,63,66,68,66,63,61,61,64,66,66,60,48,43,48,64,70,72,70,57,50,61,79,79,80,73,49,33,37,35,74,77,77,73,64,52,61,71,73,60,51,40,51,59,65,68,70,66,63,61,60,61,64,69,72,76,78,79,79,75,70,64,58,57,61,65,68,68,65,61,58,60,64,67,67,61,49,43,49,64,71,73,72,59,48,56,78,79,80,75,53,33,36,31,66,81,78,73,64,53,62,77,76,60,51,40,51,58,64,68,71,67,63,61,60,61,64,69,74,78,80,81,80,75,69,61,56,57,61,66,68,68,64,59,56,59,65,68,68,63,50,43,49,64,71,73,73,61,47,52,75,79,79,75,56,35,35,30,57,83,78,73,65,54,63,83,80
Schumann_250.mid,62,62,62,62,62,62,62,62,62,62,62,62,62,62,62,62,62,62,62,62,62,62,62,62,62,62,62,62,62,62,62,62,62,62,62,62,62,62,62,62,62,62,62,62,62,62,62,62,62,62,62,62,62,62,62,62,62,62,62,62,62,62,62,62,62,62,62,62,62,62,62,62,62,62,62,62,62,62,62,62,62,62,62,62,62,62,62,62,62,62,62,62,62,62,62,62,62,62,62,62,62,62,62,62,62,62,62,62,62,62,62,62,62,62,62,62,62,62,62,62,62,62,62,62,62,62,62,62,62,62,62,62,62,62,62,62,62,62,62,62,62,62,62,62,62,62,62,62,62,62,62,62,62,62,62,62,62,62,62,62,62,62,62,62,62,62,62,62,62,62,62,62,62,62,62,62,62,62,62,62,62,62,62,62,62,62,62,62,62,62,62,62,62,62,62,62,62,62,62,62,62,62,62,62,62,62,62,62,62,62,62,62,62,62,62,62,62,62,62,62,62,62,62,62,62,62,62,62,62,62,62,62,62,62,62,62,62,62,62,62,62,62,62,62,62,62,62,62,62,62,62,62,62,62,62,62,62,62,62,62,62,62,62,62,62,62,62,62,62,62,62,62,62,62,62,62,62,62,62,62,62,62,62,62,62,62,62,62,62,62,62,62,62,62,62,62,62,62,62,62,62,62,62,62,62,62,62,62,62,62,62,62,62,62,62,62,62,62,62,62,62,62,62,62,62,62,62,62,62,62,62,62,62,62,62,62,62,62,62,62,62,62,62,62,62,62,62,62,62,62,62,62,62,62,62,62,62,62,62,62,62,62,62,62,62,62,62,62,62,62,62,62,62,62,62,62,62,62,62,62,62,62,62,62,62,62,62,62,62,62,62,62,62,62,62,62,62,62,62,62,62,62,62,62,62,62,62,62,62,62,62,62,62,62,62,62,62,62,62,62,62,62,62,62,62,62,62,62,62,62,62,62,62,62,62,62,62,62,62,62,62,62,62,62,62,62,62,62,62,62,62,62,62,62,62,62,62,62,62,62,62,62,62,62,62,62,62,62,62,62,62,62,62,62,62,62,62,62,62,62,62,62,62,62,62,62,62,62,62,62,62,62,62,62,62,62,62,62,62,62,62,62,62,62,62,62,62,62,62,62,62,62,62,62,62,62,62,62,62,62,62,62,62,62,62,62,62,62,62,62,62,62,62,62,62,62,62,62,62,62,62,62,62,62,62,62,62,62,62,62,62,62,62,62,62,62,62,62,62,62,62,62,62,62,62,62,62,62,62,62,62,62,62,62,62,62,62,62,62,62,62,62,62,62,62,62,62,62,62,62,62,62,62,62,62,62,62,62,62,62,62,62,62,62,62,62,62,62,62,62,62,62,62,62,62,62,62,62,62,62,62,62,62,62,62,62,62,62,62,62,62,62,62,62,62,62,62,62,62,62,62,62,62,62,62,62,62,62,62,62,62,62,62,62,62,62,62,62,62,62,62,62,62,62,62,62,62,62,62,62,62,62,62,62,62,62,62,62,62,62,62,62,62,62,62,62,62,62,62,62,62,62,62,62,62,62,62,62,62,62,62,62,62,62
Schumann_50.mid,68,72,75,77,75,71,60,47,54,71,71,68,68,69,70,71,72,70,64,57,58,63,63,60,60,63,66,69,70,70,70,69,69,70,69,64,56,55,61,65,67,67,67,67,69,70,73,76,77,72,59,48,52,62,64,61,59,61,63,60,56,58,64,63,66,70,74,77,76,71,59,48,55,70,71,70,71,72,72,72,72,68,60,54,57,61,61,60,61,63,66,68,69,70,70,70,70,71,69,63,56,55,60,64,66,68,68,69,70,72,73,75,76,73,64,53,51,57,62,63,62,60,59,57,57,60,63,62,64,68,73,77,76,70,58,49,56,70,72,72,73,74,73,73,72,66,54,52,57,60,60,59,61,64,66,68,69,70,70,70,71,71,68,62,56,57,61,64,67,68,69,70,71,72,74,75,76,74,67,57,52,55,62,64,63,60,56,54,58,62,63,61,62,66,72,77,76,69,58,51,59,70,73,73,74,74,74,73,71,61,49,50,56,59,59,59,61,64,66,68,70,70,70,70,70,70,68,62,58,58,62,65,67,69,70,71,72,73,74,75,76,74,69,60,54,55,61,65,65,61,53,51,58,64,63,60,60,64,71,77,76,69,59,54,61,70,73,74,75,74,73,73,70,56,46,50,56,59,58,58,61,65,67,68,70,70,70,70,70,70,68,63,60,60,63,66,68,69,70,71,72,73,74,75,76,75,70,62,56,56,62,66,66,61,52,49,57,65,64,60,58,63,70,76,75,68,60,57,63,71,73,74,74,74,73,73,67,51,45,51,57,59,57,58,61,65,67,68,69,70,70,69,69,70,69,66,62,62,64,67,69,70,71,71,72,73,74,75,76,75,71,63,57,58,63,66,67,63,51,46,55,65,65,60,57,61,69,75,74,68,61,60,66,71,73,73,73,73,73,72,64,47,46,52,59,59,57,58,61,65,67,68,69,70,70,69,69,69,70,68,65,64,66,68,70,71,71,72,72,73,74,75,76,75,70,64,59,60,64,67,68,64,51,45,53,65,66,62,57,60,68,75,74,68,63,62,68,71,72,72,72,72,72,71,59,45,48,56,60,58,56,58,62,65,67,67,68,69,69,69,69,69,70,69,67,66,67,69,71,71,72,72,72,73,74,75,76,74,69,64,62,63,65,67,69,65,52,44,52,66,67,64,57,60,67,74,73,69,64,64,69,72,72,72,71,71,72,69,54,46,51,59,60,56,56,59,63,66,67,67,67,68,69,69,69,69,70,70,68,67,68,70,72,72,72,72,73,74,75,75,75,72,68,65,63,64,66,68,69,65,52,44,52,67,69,65,57,59,66,73,73,69,65,65,69,72,72,71,70,71,72,66,50,48,55,62,59,55,56,60,64,66,67,66,67,68,69,69,69,69,70,70,69,68,70,72,72,73,72,72,73,74,75,75,73,71,68,65,65,65,66,68,69,66,52,44,53,68,70,67,57,59,65,71,73,71,66,65,69,72,71,70,70,71,71,62,48,51,60,62,58,55,58,62,65,66,67,66,66,67,68,69,69,69,70,70,70,70,71,73,73,73,73,73,73,74,74,73,72,70,67,66,65,65,66,68,70,66,52,44,54,70,71,68
Schumann_500.mid,62,62,62,62,62,62,62,62,62,62,62,62,62,62,62,62,62,62,62,62,62,62,62,62,62,62,62,62,62,62,62,62,62,62,62,62,62,62,62,62,62,62,62,62,62,62,62,62,62,62,62,62,62,62,62,62,62,62,62,62,62,62,62,62,62,62,62,62,62,62,62,62,62,62,62,62,62,62,62,62,62,62,62,62,62,62,62,62,62,62,62,62,62,62,62,62,62,62,62,62,62,62,62,62,62,62,62,62,62,62,62,62,62,62,62,62,62,62,62,62,62,62,62,62,62,62,62,62,62,62,62,62,62,62,62,62,62,62,62,62,62,62,62,62,62,62,62,62,62,62,62,62,62,62,62,62,62,62,62,62,62,62,62,62,62,62,62,62,62,62,62,62,62,62,62,62,62,62,62,62,62,62,62,62,62,62,62,62,62,62,62,62,62,62,62,62,62,62,62,62,62,62,62,62,62,62,62,62,62,62,62,62,62,62,62,62,62,62,62,62,62,62,62,62,62,62,62,62,62,62,62,62,62,62,62,62,62,62,62,62,62,62,62,62,62,62,62,62,62,62,62,62,62,62,62,62,62,62,62,62,62,62,62,62,62,62,62,62,62,62,62,62,62,62,62,62,62,62,62,62,62,62,62,62,62,62,62,62,62,62,62,62,62,62,62,62,62,62,62,62,62,62,62,62,62,62,62,62,62,62,62,62,62,62,62,62,62,62,62,62,62,62,62,62,62,62,62,62,62,62,62,62,62,62,62,62,62,62,62,62,62,62,62,62,62,62,62,62,62,62,62,62,62,62,62,62,62,62,62,62,62,62,62,62,62,62,62,62,62,62,62,62,62,62,62,62,62,62,62,62,62,62,62,62,62,62,62,62,62,62,62,62,62,62,62,62,62,62,62,62,62,62,62,62,62,62,62,62,62,62,62,62,62,62,62,62,62,62,62,62,62,62,62,62,62,62,62,62,62,62,62,62,62,62,62,62,62,62,62,62,62,62,62,62,62,62,62,62,62,62,62,62,62,62,62,62,62,62,62,62,62,62,62,62,62,62,62,62,62,62,62,62,62,62,62,62,62,62,62,62,62,62,62,62,62,62,62,62,62,62,62,62,62,62,62,62,62,62,62,62,62,62,62,62,62,62,62,62,62,62,62,62,62,62,62,62,62,62,62,62,62,62,62,62,62,62,62,62,62,62,62,62,62,62,62,62,62,62,62,62,62,62,62,62,62,62,62,62,62,62,62,62,62,62,62,62,62,62,62,62,62,62,62,62,62,62,62,62,62,62,62,62,62,62,62,62,62,62,62,62,62,62,62,62,62,62,62,62,62,62,62,62,62,62,62,62,62,62,62,62,62,62,62,62,62,62,62,62,62,62,62,62,62,62,62,62,62,62,62,62,62,62,62,62,62,62,62,62,62,62,62,62,62,62,62,62,62,62,62,62,62,62,62,62,62,62,62,62,62,62,62,62,62,62,62,62,62,62,62,62,62,62,62,62,62,62,62,62,62,62,62,62,62,62,62,62,62,62,62,62,62,62,62,62,62,62,62,62,62,62,62,62,62,62,62,62,62,62,62,62,62,62,62,62
Tchaikovsky_100.mid,68,66,62,60,63,66,66,62,57,59,63,66,63,62,60,59,61,65,67,66,65,64,64,64,63,61,60,60,60,62,65,66,65,64,62,63,67,69,70,67,63,59,58,60,62,63,63,64,66,68,67,64,58,56,60,66,67,63,58,57,62,65,63,58,68,66,61,60,63,67,66,62,57,58,64,66,64,63,60,59,60,66,69,68,66,64,64,64,64,62,60,59,60,62,64,65,65,64,62,63,66,69,70,69,64,59,58,60,63,63,62,62,64,67,68,64,58,55,59,66,68,64,56,56,62,66,63,58,69,66,61,60,64,68,67,61,56,58,65,67,65,64,60,58,59,67,70,70,67,64,64,65,64,63,61,60,60,61,63,65,66,64,62,62,65,69,71,70,65,60,57,59,63,64,62,60,63,67,68,65,58,53,58,66,69,64,56,54,61,67,63,57,70,67,61,59,64,69,68,61,56,58,67,68,67,65,59,57,58,68,72,71,68,64,63,65,65,64,62,60,59,60,62,64,66,65,62,62,65,69,72,71,67,60,56,58,62,64,61,58,60,66,69,66,58,52,56,66,70,65,55,52,60,67,64,57,70,67,61,59,65,69,68,60,56,59,68,69,68,66,60,57,57,68,73,73,69,64,62,64,66,66,64,61,59,59,61,64,66,66,63,61,64,69,72,72,68,61,56,57,62,64,61,57,57,64,69,67,59,51,55,65,71,66,55,50,58,67,65,56,71,68,61,58,65,70,69,59,56,59,70,70,69,66,60,57,57,68,74,74,71,65,61,62,65,67,67,63,59,57,59,64,67,66,63,61,64,69,73,73,70,62,56,56,61,64,61,55,54,62,69,69,60,50,53,64,71,68,55,49,56,66,65,55,72,68,61,58,65,71,70,57,57,61,73,71,70,67,60,57,56,66,75,75,73,66,60,60,64,69,70,66,59,55,57,63,68,68,64,62,63,68,73,74,71,64,56,55,60,64,61,53,50,59,69,70,62,51,51,62,71,69,56,47,54,65,65,54,72,69,61,57,64,72,70,56,57,62,75,72,72,68,60,57,56,65,75,75,75,67,59,57,62,70,73,70,62,54,54,61,68,69,66,62,62,67,72,74,72,65,57,54,59,64,61,52,47,55,68,72,65,53,49,60,70,70,57,46,52,63,64,53,73,70,62,56,64,73,71,55,58,64,78,73,73,69,60,57,56,64,75,76,76,69,58,54,60,70,74,73,65,55,52,58,67,70,68,63,62,65,71,74,72,66,58,55,59,64,61,51,44,50,65,73,68,56,48,57,69,71,59,46,49,62,63,52,74,71,62,55,63,73,72,55,58,66,79,74,75,70,60,56,57,64,76,76,78,71,57,52,57,70,76,75,68,57,51,56,66,71,70,65,62,63,69,73,73,67,60,55,58,63,61,51,42,46,61,72,71,60,49,53,66,71,61,46,47,60,62,50,75,72,63,55,62,74,74,55,58,67,81,75,76,72,61,55,57,63,76,76,79,73,58,51,55,68,76,76,70,59,51,54,64,71,71,67,63,62,67,72,73,68,61,56,57,62,61,52,42,43,56,70,73,64,51,51,63,70,62,47,46,58,62,49
Tchaikovsky_1000.mid,64,68,66,62,60,64,65,64,60,59,60,62,62,62,61,61,61,63,64,66,66,63,60,63,63,59,58,62,69,68,66,64,63,69,68,62,67,71,69,67,67,55,58,67,66,59,58,65,70,69,62,57,60,61,65,67,66,65,59,59,61,65,63,57,62,68,67,61,61,65,67,65,60,58,58,59,59,60,61,62,63,63,64,65,65,64,64,66,66,60,57,60,69,68,66,66,66,69,70,68,68,70,70,68,69,54,58,69,66,57,59,64,70,69,59,57,59,61,67,67,66,66,59,59,62,64,62,56,61,69,66,61,61,65,68,65,59,58,57,57,58,59,61,63,64,64,63,64,66,67,68,67,66,60,56,60,69,68,67,67,68,71,71,71,71,71,70,70,71,53,58,71,67,56,59,63,70,69,55,57,58,63,68,67,66,66,60,61,62,64,62,55,60,70,65,60,61,66,69,66,59,57,57,56,57,58,61,63,64,64,63,64,66,69,69,68,67,59,56,59,69,69,67,67,70,73,73,73,72,72,72,71,72,51,57,71,67,55,59,62,71,68,53,58,56,64,69,68,66,66,61,62,62,63,62,54,59,71,65,60,61,66,69,66,60,57,56,56,56,58,61,64,65,64,63,64,67,70,70,68,67,57,56,58,69,69,68,68,72,75,75,74,73,73,73,72,72,50,56,72,67,55,59,60,71,67,53,58,55,66,69,68,67,65,63,64,61,62,61,52,59,71,65,60,61,66,69,67,60,57,56,56,56,58,61,64,65,64,63,64,68,71,71,69,67,55,55,57,70,70,68,69,73,76,76,76,74,73,73,73,72,49,55,72,67,55,58,59,72,66,53,58,54,67,69,69,67,65,65,67,60,61,61,50,59,72,65,59,61,66,70,67,60,57,56,56,56,58,61,64,65,64,63,65,69,72,72,69,66,53,54,57,70,71,69,69,74,77,77,76,75,74,74,74,72,49,53,71,67,54,58,58,73,66,53,58,54,69,69,69,67,66,67,69,60,59,60,49,58,72,65,59,61,66,69,67,60,57,56,56,56,58,61,65,65,64,63,65,70,73,72,69,64,53,53,56,71,71,69,69,75,78,78,77,75,74,74,74,72,48,51,70,67,54,57,57,73,66,52,57,53,70,69,69,67,67,67,70,59,57,59,47,58,72,65,59,61,66,69,67,60,57,56,56,56,58,62,65,65,64,63,65,71,74,73,70,62,52,53,56,71,72,69,70,76,79,79,78,75,74,74,75,71,48,50,68,66,54,56,56,73,67,51,57,53,71,69,69,67,68,67,70,57,55,58,46,57,72,66,59,61,65,69,66,60,57,56,55,56,58,62,65,65,63,62,66,72,74,73,70,61,52,53,56,72,72,69,70,77,79,79,78,76,74,74,75,71,48,51,65,63,55,57,55,73,68,50,56,53,72,69,69,68,68,67,71,56,53,57,45,57,73,68,59,61,65,69,66,60,57,56,55,56,58,62,65,65,63,62,66,72,74,73,71,61,52,53,55,71,72,69,70,77,79,79,79,77,74,74,75,71,48,53,62,58,57,57,54,74,69,49,56,53,72,68,69,68,68,67,71,55,51,55,45
Tchaikovsky_250.mid,64,66,63,58,61,67,68,61,57,59,61,65,65,65,59,59,62,66,65,64,65,62,59,63,61,59,59,62,65,65,61,61,66,67,66,64,64,65,66,68,62,58,57,61,68,66,64,66,66,66,63,58,60,59,62,64,64,63,60,58,58,66,66,56,63,65,63,57,61,70,70,63,55,58,58,64,66,65,62,58,60,66,66,64,64,61,58,62,61,58,58,60,64,66,60,59,65,67,66,66,66,65,65,67,65,58,58,61,68,67,66,66,64,64,63,58,59,58,62,64,63,64,60,57,60,67,66,56,64,65,62,56,62,71,71,66,54,58,57,62,67,66,64,58,59,66,67,65,64,60,57,61,61,57,58,59,64,66,59,58,65,67,66,66,67,66,65,66,67,59,59,61,68,67,66,66,64,64,62,57,58,56,61,63,63,64,59,56,60,67,67,55,64,65,61,55,62,72,71,68,53,57,57,58,68,67,66,59,57,64,68,66,64,60,56,60,60,57,58,58,63,66,59,58,64,67,66,66,67,66,65,66,68,60,59,61,68,67,66,65,64,64,60,57,58,56,60,63,63,63,59,56,60,68,68,54,65,64,60,55,62,73,72,70,51,56,58,55,68,69,68,61,56,62,69,67,65,59,56,60,60,56,58,58,63,65,58,58,62,67,67,66,66,66,66,66,68,61,59,61,68,67,66,65,64,63,58,57,57,55,58,63,63,63,58,55,61,68,68,53,65,64,59,54,62,73,72,71,49,55,58,53,66,70,69,65,56,58,69,68,66,59,55,60,61,56,58,58,64,65,58,58,60,67,67,65,66,66,66,66,68,62,59,61,68,68,66,65,65,63,56,57,57,55,57,62,63,62,57,55,62,68,68,52,66,64,58,54,63,74,72,72,48,54,57,53,63,71,70,68,57,56,68,69,67,60,54,60,61,55,57,59,64,65,58,58,59,66,67,65,65,66,66,67,69,62,59,61,68,68,66,66,65,61,54,57,57,54,56,62,63,62,57,55,63,68,68,50,66,63,58,54,63,74,72,73,47,53,56,53,61,71,70,70,58,55,67,69,68,63,53,59,62,55,57,60,64,65,57,58,59,64,68,66,65,66,66,67,69,62,58,61,68,68,66,66,66,60,54,57,56,54,55,61,63,61,56,55,64,68,68,49,67,63,57,53,63,74,72,74,47,52,55,53,57,72,71,71,60,54,65,69,69,65,53,58,62,56,57,60,64,65,57,58,59,61,68,67,65,65,66,67,69,63,58,61,68,68,66,66,66,59,53,56,56,54,54,62,64,60,55,56,65,68,67,47,67,62,56,53,63,74,71,74,47,52,55,54,53,72,71,71,62,54,62,70,69,66,53,57,63,57,56,60,65,65,58,59,59,59,67,68,66,65,66,67,70,64,57,60,68,68,66,66,66,58,53,56,55,53,54,62,63,59,55,57,66,68,67,46,68,62,54,52,64,74,71,74,47,51,54,54,51,71,71,71,64,54,59,70,69,67,55,56,63,58,56,59,65,65,58,58,59,58,65,68,66,65,66,67,70,66,57,59,68,68,66,66,66,58,53,56,55,52,54,63,63,58,55,58,67,68,68,44
Tchaikovsky_50.mid,64,64,64,64,64,63,63,62,62,62,62,62,62,62,62,62,62,62,62,62,62,62,62,63,63,63,63,64,64,64,64,64,64,65,65,64,64,64,64,64,64,64,64,64,64,64,63,63,63,63,63,63,62,62,62,62,62,62,61,61,61,62,63,65,64,63,63,64,64,64,63,62,62,62,62,63,63,63,62,62,62,62,62,62,62,62,62,63,63,63,64,64,64,65,65,65,65,65,65,65,65,65,65,65,65,64,64,64,63,63,63,62,62,62,62,62,62,62,62,63,63,62,61,61,61,62,65,68,63,63,63,63,64,64,64,63,63,63,63,63,63,63,63,62,62,62,62,62,62,62,62,63,63,63,64,64,65,65,66,66,66,66,66,66,66,66,66,65,65,64,64,63,63,62,62,62,61,61,61,61,62,62,63,63,63,63,61,60,60,62,67,70,63,62,62,63,64,64,64,63,63,63,63,64,63,63,63,62,62,62,62,62,62,62,62,63,63,64,64,65,65,66,66,67,67,67,67,67,67,67,67,66,65,64,64,63,62,61,61,61,60,60,61,61,62,63,64,64,64,63,61,59,59,62,68,72,62,61,61,62,64,65,64,64,63,64,64,64,64,63,63,62,62,62,61,62,62,62,62,63,63,64,64,65,66,66,67,68,68,68,68,68,68,68,67,67,66,65,64,62,61,61,60,60,60,60,60,61,62,63,64,65,65,64,61,59,58,62,68,73,62,60,60,62,63,64,64,64,64,64,64,65,64,64,63,62,62,61,61,61,62,62,62,63,63,64,65,65,66,67,68,68,69,69,69,69,69,69,68,67,66,65,63,62,61,60,59,59,59,59,59,60,61,63,64,66,66,65,62,59,58,62,68,74,61,60,60,61,63,64,64,64,64,64,65,65,65,64,63,62,62,61,61,61,62,62,62,63,64,64,65,66,67,68,68,69,69,70,70,70,70,69,69,68,67,65,63,62,60,59,58,58,58,58,59,60,61,63,65,66,67,65,62,59,58,61,68,74,61,59,59,61,63,64,64,64,64,65,65,66,65,65,64,63,62,62,61,62,62,62,63,63,64,64,65,66,67,68,69,69,70,70,70,71,71,70,70,69,67,65,64,62,60,58,57,57,57,57,58,59,61,63,65,66,67,66,63,60,59,62,68,73,61,58,58,60,62,64,64,64,64,65,66,66,66,65,64,63,62,62,62,62,62,62,63,63,64,65,66,67,68,69,69,70,70,71,71,71,71,71,70,69,68,66,64,61,59,58,56,56,56,56,57,59,60,63,65,66,67,66,64,61,60,62,68,73,60,58,58,59,62,64,64,64,64,65,66,67,67,66,65,64,63,62,62,62,62,62,63,63,64,65,66,67,68,69,70,70,71,71,71,72,72,72,71,70,68,66,64,61,59,57,55,55,55,55,56,58,60,62,65,66,67,67,64,62,61,63,68,73,60,57,57,59,62,63,64,64,64,65,66,67,67,67,66,65,64,63,63,62,62,63,63,64,64,65,66,67,68,69,70,71,71,71,72,72,72,72,72,71,69,67,64,61,58,56,54,53,53,54,56,57,60,62,64,66,67,67,65,63,62,64,68,72
Tchaikovsky_500.mid,64,64,64,64,64,64,64,64,64,64,64,64,64,64,64,64,64,64,64,64,64,64,64,64,64,64,64,64,64,64,64,64,64,64,64,64,64,64,64,64,64,64,64,64,64,64,64,64,64,64,64,64,64,64,64,64,64,64,64,64,64,64,64,64,64,64,64,64,64,64,64,64,64,64,64,64,64,64,64,64,64,64,64,64,64,64,64,64,64,64,64,64,64,64,64,64,64,64,64,64,64,64,64,64,64,64,64,64,64,64,64,64,64,64,64,64,64,64,64,64,64,64,64,64,64,64,64,64,64,64,64,64,64,64,64,64,64,64,64,64,64,64,64,64,64,64,64,64,64,64,64,64,64,64,64,64,64,64,64,64,64,64,64,64,64,64,64,64,64,64,64,64,64,64,64,64,64,64,64,64,64,64,64,64,64,64,64,64,64,64,64,64,64,64,64,64,64,64,64,64,64,64,64,64,64,64,64,64,64,64,64,64,64,64,64,64,64,64,64,64,64,64,64,64,64,64,64,64,64,64,64,64,64,64,64,64,64,64,64,64,64,64,64,64,64,64,64,64,64,64,64,64,64,64,64,64,64,64,64,64,64,64,64,64,64,64,64,64,64,64,64,64,64,64,64,64,64,64,64,64,64,64,64,64,64,64,64,64,64,64,64,64,64,64,64,64,64,64,64,64,64,64,64,64,64,64,64,64,64,64,64,64,64,64,64,64,64,64,64,64,64,64,64,64,64,64,64,64,64,64,64,64,64,64,64,64,64,64,64,64,64,64,64,64,64,64,64,64,64,64,64,64,64,64,64,64,64,64,64,64,64,64,64,64,64,64,64,64,64,64,64,64,64,64,64,64,64,64,64,64,64,64,64,64,64,64,64,64,64,64,64,64,64,64,64,64,64,64,64,64,64,64,64,64,64,64,64,64,64,64,64,64,64,64,64,64,64,64,64,64,64,64,64,64,64,64,64,64,64,64,64,64,64,64,64,64,64,64,64,64,64,64,64,64,64,64,64,64,64,64,64,64,64,64,64,64,64,64,64,64,64,64,64,64,64,64,64,64,64,64,64,64,64,64,64,64,64,64,64,64,64,64,64,64,64,64,64,64,64,64,64,64,64,64,64,64,64,64,64,64,64,64,64,64,64,64,64,64,64,64,64,64,64,64,64,64,64,64,64,64,64,64,64,64,64,64,64,64,64,64,64,64,64,64,64,64,64,64,64,64,64,64,64,64,64,64,64,64,64,64,64,64,64,64,64,64,64,64,64,64,64,64,64,64,64,64,64,64,64,64,64,64,64,64,64,64,64,64,64,64,64,64,64,64,64,64,64,64,64,64,64,64,64,64,64,64,64,64,64,64,64,64,64,64,64,64,64,64,64,64,64,64,64,64,64,64,64,64,64,64,64,64,64,64,64,64,64,64,64,64,64,64,64,64,64,64,64,64,64,64,64,64,64,64,64,64,64,64,64,64,64,64,64,64,64,64,64,64,64,64,64,64,64,64,64,64,64,64,64,64,64,64,64,64,64,64,64,64,64,64,64,64,64,64,64,64,64,64,64,64,64,64,64,64,64,64,64,64,64,64,64,64,64,64
